{
  "type": "FeatureCollection",
  "name": "gran_concepcion_cycleways",
  "features": [
    {
      "type": "Feature",
      "properties": {
        "highway": "living_street",
        "cycleway_both": "shared_lane",
        "name": "Barros Arana",
        "surface": "paving_stones",
        "oneway": "yes",
        "osm_id": 28231061,
        "category": "shared_lane",
        "source": "OpenStreetMap/Overpass"
      },
      "geometry": {
        "type": "LineString",
        "coordinates": [
          [
            -73.0508484,
            -36.8267666
          ],
          [
            -73.0501657,
            -36.8264827
          ],
          [
            -73.0501532,
            -36.8264782
          ],
          [
            -73.0501408,
            -36.8264748
          ],
          [
            -73.0501281,
            -36.8264724
          ],
          [
            -73.0501151,
            -36.826471
          ],
          [
            -73.0501019,
            -36.8264706
          ],
          [
            -73.0500887,
            -36.8264713
          ],
          [
            -73.0500757,
            -36.826473
          ],
          [
            -73.0500622,
            -36.8264758
          ],
          [
            -73.0499821,
            -36.8264963
          ]
        ]
      }
    },
    {
      "type": "Feature",
      "properties": {
        "highway": "living_street",
        "cycleway_both": "shared_lane",
        "name": "Barros Arana",
        "surface": "paving_stones",
        "oneway": "yes",
        "osm_id": 28524093,
        "category": "shared_lane",
        "source": "OpenStreetMap/Overpass"
      },
      "geometry": {
        "type": "LineString",
        "coordinates": [
          [
            -73.0474028,
            -36.82526
          ],
          [
            -73.0473792,
            -36.825265
          ],
          [
            -73.0473596,
            -36.8252685
          ],
          [
            -73.0473412,
            -36.8252713
          ],
          [
            -73.0473159,
            -36.8252721
          ],
          [
            -73.0472907,
            -36.8252715
          ],
          [
            -73.0472582,
            -36.8252669
          ]
        ]
      }
    },
    {
      "type": "Feature",
      "properties": {
        "highway": "trunk",
        "cycleway_left": "track",
        "name": "Avenida Pedro Aguirre Cerda",
        "surface": "concrete",
        "osm_id": 75561161,
        "category": "cycle_track",
        "source": "OpenStreetMap/Overpass"
      },
      "geometry": {
        "type": "LineString",
        "coordinates": [
          [
            -73.0803173,
            -36.8415382
          ],
          [
            -73.0805585,
            -36.8414225
          ],
          [
            -73.0807798,
            -36.8413163
          ],
          [
            -73.0818342,
            -36.8408104
          ],
          [
            -73.081957,
            -36.8407515
          ],
          [
            -73.0821114,
            -36.8406774
          ],
          [
            -73.0824448,
            -36.8405174
          ],
          [
            -73.0830299,
            -36.8402367
          ],
          [
            -73.0832023,
            -36.840154
          ],
          [
            -73.0838123,
            -36.8398613
          ]
        ]
      }
    },
    {
      "type": "Feature",
      "properties": {
        "highway": "secondary",
        "cycleway_left": "track",
        "name": "Avenida Ignacio Collao",
        "surface": "concrete",
        "oneway": "yes",
        "osm_id": 83106229,
        "category": "cycle_track",
        "source": "OpenStreetMap/Overpass"
      },
      "geometry": {
        "type": "LineString",
        "coordinates": [
          [
            -73.0159669,
            -36.8200191
          ],
          [
            -73.0162409,
            -36.8199189
          ]
        ]
      }
    },
    {
      "type": "Feature",
      "properties": {
        "highway": "secondary",
        "cycleway_left": "track",
        "name": "Avenida Ignacio Collao",
        "surface": "concrete",
        "oneway": "yes",
        "osm_id": 83106239,
        "category": "cycle_track",
        "source": "OpenStreetMap/Overpass"
      },
      "geometry": {
        "type": "LineString",
        "coordinates": [
          [
            -73.0162409,
            -36.8199189
          ],
          [
            -73.0163127,
            -36.8198921
          ],
          [
            -73.016646,
            -36.8197733
          ],
          [
            -73.0169789,
            -36.8196517
          ],
          [
            -73.0172389,
            -36.8195574
          ],
          [
            -73.0172958,
            -36.8195367
          ],
          [
            -73.017369,
            -36.8195102
          ]
        ]
      }
    },
    {
      "type": "Feature",
      "properties": {
        "highway": "living_street",
        "cycleway_both": "shared_lane",
        "surface": "paving_stones",
        "oneway": "yes",
        "osm_id": 110163099,
        "name": "Sin nombre",
        "category": "shared_lane",
        "source": "OpenStreetMap/Overpass"
      },
      "geometry": {
        "type": "LineString",
        "coordinates": [
          [
            -73.0509927,
            -36.8271183
          ],
          [
            -73.0510106,
            -36.826967
          ],
          [
            -73.0510106,
            -36.8269484
          ],
          [
            -73.0510085,
            -36.8269304
          ],
          [
            -73.0510045,
            -36.8269126
          ],
          [
            -73.0509983,
            -36.8268945
          ],
          [
            -73.0509908,
            -36.8268782
          ],
          [
            -73.050989,
            -36.8268748
          ],
          [
            -73.0509812,
            -36.8268619
          ],
          [
            -73.0509698,
            -36.8268462
          ],
          [
            -73.0509568,
            -36.8268315
          ],
          [
            -73.0509423,
            -36.8268177
          ],
          [
            -73.0509263,
            -36.8268049
          ],
          [
            -73.050909,
            -36.8267934
          ],
          [
            -73.0508883,
            -36.8267831
          ],
          [
            -73.0508484,
            -36.8267666
          ]
        ]
      }
    },
    {
      "type": "Feature",
      "properties": {
        "highway": "unclassified",
        "cycleway_both": "shared_lane",
        "name": "Castellón",
        "surface": "paving_stones",
        "oneway": "yes",
        "osm_id": 110347934,
        "category": "shared_lane",
        "source": "OpenStreetMap/Overpass"
      },
      "geometry": {
        "type": "LineString",
        "coordinates": [
          [
            -73.0474028,
            -36.82526
          ],
          [
            -73.0473182,
            -36.8253926
          ],
          [
            -73.047312,
            -36.8254024
          ],
          [
            -73.0471761,
            -36.8256154
          ],
          [
            -73.0469871,
            -36.8259118
          ],
          [
            -73.0469656,
            -36.8259456
          ],
          [
            -73.0468008,
            -36.826204
          ],
          [
            -73.0467344,
            -36.8263081
          ]
        ]
      }
    },
    {
      "type": "Feature",
      "properties": {
        "highway": "residential",
        "cycleway_left": "track",
        "name": "Ongolmo",
        "surface": "concrete",
        "oneway": "yes",
        "osm_id": 110479149,
        "category": "cycle_track",
        "source": "OpenStreetMap/Overpass"
      },
      "geometry": {
        "type": "LineString",
        "coordinates": [
          [
            -73.042327,
            -36.8257079
          ],
          [
            -73.0423591,
            -36.8256568
          ],
          [
            -73.0429225,
            -36.8247597
          ],
          [
            -73.0429645,
            -36.8246929
          ],
          [
            -73.0435397,
            -36.823777
          ],
          [
            -73.0435568,
            -36.8237499
          ],
          [
            -73.0436015,
            -36.8236787
          ],
          [
            -73.0442065,
            -36.8227154
          ],
          [
            -73.0442386,
            -36.8226643
          ],
          [
            -73.0442776,
            -36.8226022
          ],
          [
            -73.0448239,
            -36.8217324
          ],
          [
            -73.0448396,
            -36.8217074
          ],
          [
            -73.0448756,
            -36.8216501
          ],
          [
            -73.0452351,
            -36.8210777
          ]
        ]
      }
    },
    {
      "type": "Feature",
      "properties": {
        "highway": "primary",
        "cycleway_right": "track",
        "name": "Avenida San Juan Bosco",
        "surface": "concrete",
        "oneway": "yes",
        "osm_id": 110929139,
        "category": "cycle_track",
        "source": "OpenStreetMap/Overpass"
      },
      "geometry": {
        "type": "LineString",
        "coordinates": [
          [
            -73.034448,
            -36.8186106
          ],
          [
            -73.0341942,
            -36.818343
          ]
        ]
      }
    },
    {
      "type": "Feature",
      "properties": {
        "highway": "living_street",
        "cycleway_both": "shared_lane",
        "name": "Aníbal Pinto",
        "surface": "paving_stones",
        "oneway": "yes",
        "osm_id": 111610913,
        "category": "shared_lane",
        "source": "OpenStreetMap/Overpass"
      },
      "geometry": {
        "type": "LineString",
        "coordinates": [
          [
            -73.0494573,
            -36.8271241
          ],
          [
            -73.0494385,
            -36.8271471
          ],
          [
            -73.0494214,
            -36.827164
          ],
          [
            -73.0493889,
            -36.8271903
          ],
          [
            -73.0493647,
            -36.8272145
          ],
          [
            -73.0493379,
            -36.827248
          ],
          [
            -73.0492606,
            -36.8273609
          ]
        ]
      }
    },
    {
      "type": "Feature",
      "properties": {
        "highway": "primary",
        "cycleway_right": "track",
        "name": "Avenida San Juan Bosco",
        "surface": "concrete",
        "oneway": "yes",
        "osm_id": 111781967,
        "category": "cycle_track",
        "source": "OpenStreetMap/Overpass"
      },
      "geometry": {
        "type": "LineString",
        "coordinates": [
          [
            -73.0359364,
            -36.8202065
          ],
          [
            -73.0357239,
            -36.8199751
          ],
          [
            -73.035136,
            -36.8193404
          ]
        ]
      }
    },
    {
      "type": "Feature",
      "properties": {
        "highway": "secondary",
        "cycleway_right": "track",
        "name": "Avenida Alto Horno",
        "surface": "concrete",
        "oneway": "yes",
        "osm_id": 113509747,
        "category": "cycle_track",
        "source": "OpenStreetMap/Overpass"
      },
      "geometry": {
        "type": "LineString",
        "coordinates": [
          [
            -73.1067874,
            -36.7426717
          ],
          [
            -73.1066394,
            -36.7428937
          ],
          [
            -73.1063218,
            -36.7433446
          ],
          [
            -73.1062625,
            -36.743433
          ],
          [
            -73.1062071,
            -36.743523
          ],
          [
            -73.1061407,
            -36.7436428
          ],
          [
            -73.106081,
            -36.7437648
          ],
          [
            -73.1058584,
            -36.7442586
          ],
          [
            -73.1056016,
            -36.744834
          ],
          [
            -73.1055842,
            -36.7448729
          ],
          [
            -73.10532,
            -36.7454646
          ],
          [
            -73.1047755,
            -36.7466706
          ],
          [
            -73.1047279,
            -36.7467727
          ],
          [
            -73.1046843,
            -36.7468694
          ],
          [
            -73.1046367,
            -36.7469602
          ],
          [
            -73.1045788,
            -36.7470501
          ],
          [
            -73.104515,
            -36.7471374
          ],
          [
            -73.1044456,
            -36.7472219
          ],
          [
            -73.104366,
            -36.7473096
          ],
          [
            -73.1042799,
            -36.7473931
          ],
          [
            -73.1041874,
            -36.7474723
          ],
          [
            -73.1041026,
            -36.747537
          ],
          [
            -73.1040135,
            -36.7475979
          ],
          [
            -73.1039205,
            -36.747655
          ],
          [
            -73.1037931,
            -36.7477227
          ],
          [
            -73.1036449,
            -36.7477952
          ],
          [
            -73.1034752,
            -36.7478748
          ],
          [
            -73.1034355,
            -36.7478934
          ]
        ]
      }
    },
    {
      "type": "Feature",
      "properties": {
        "highway": "secondary",
        "cycleway_right": "track",
        "name": "Avenida Curanilahue",
        "surface": "concrete",
        "oneway": "yes",
        "osm_id": 113735285,
        "category": "cycle_track",
        "source": "OpenStreetMap/Overpass"
      },
      "geometry": {
        "type": "LineString",
        "coordinates": [
          [
            -73.0870159,
            -36.7900217
          ],
          [
            -73.0879465,
            -36.7900253
          ],
          [
            -73.0881001,
            -36.790026
          ],
          [
            -73.0883173,
            -36.7900261
          ],
          [
            -73.0888707,
            -36.7900287
          ],
          [
            -73.0889692,
            -36.7900291
          ],
          [
            -73.0896865,
            -36.7900318
          ],
          [
            -73.0906423,
            -36.7900361
          ],
          [
            -73.0907002,
            -36.7900396
          ],
          [
            -73.0907572,
            -36.7900484
          ],
          [
            -73.0908126,
            -36.7900624
          ],
          [
            -73.0908671,
            -36.790082
          ],
          [
            -73.0909183,
            -36.7901067
          ],
          [
            -73.0909655,
            -36.790136
          ],
          [
            -73.0912293,
            -36.7903105
          ]
        ]
      }
    },
    {
      "type": "Feature",
      "properties": {
        "highway": "trunk",
        "cycleway_left": "track",
        "name": "Avenida Pedro Aguirre Cerda",
        "surface": "concrete",
        "oneway": "no",
        "osm_id": 114360704,
        "category": "cycle_track",
        "source": "OpenStreetMap/Overpass"
      },
      "geometry": {
        "type": "LineString",
        "coordinates": [
          [
            -73.0868402,
            -36.8392065
          ],
          [
            -73.0874373,
            -36.8391719
          ],
          [
            -73.0876923,
            -36.8391572
          ],
          [
            -73.0891751,
            -36.8390713
          ],
          [
            -73.0892164,
            -36.8390689
          ],
          [
            -73.0892534,
            -36.8390668
          ]
        ]
      }
    },
    {
      "type": "Feature",
      "properties": {
        "highway": "secondary",
        "cycleway_right": "lane",
        "name": "Avenida Laguna Grande",
        "surface": "asphalt",
        "oneway": "yes",
        "osm_id": 114360732,
        "category": "cycle_lane",
        "source": "OpenStreetMap/Overpass"
      },
      "geometry": {
        "type": "LineString",
        "coordinates": [
          [
            -73.1199749,
            -36.8394641
          ],
          [
            -73.1199702,
            -36.839602
          ],
          [
            -73.1199601,
            -36.8397458
          ],
          [
            -73.119926,
            -36.8400526
          ],
          [
            -73.1199163,
            -36.8401636
          ],
          [
            -73.1199157,
            -36.8401976
          ],
          [
            -73.1199205,
            -36.8402313
          ],
          [
            -73.1199275,
            -36.8402557
          ],
          [
            -73.1199373,
            -36.8402795
          ],
          [
            -73.1199593,
            -36.8403191
          ],
          [
            -73.1199954,
            -36.8403614
          ],
          [
            -73.1200162,
            -36.8403825
          ]
        ]
      }
    },
    {
      "type": "Feature",
      "properties": {
        "highway": "living_street",
        "bicycle": "yes",
        "name": "Guacolda",
        "surface": "concrete",
        "oneway": "no",
        "osm_id": 115336871,
        "category": "bicycle_access",
        "source": "OpenStreetMap/Overpass"
      },
      "geometry": {
        "type": "LineString",
        "coordinates": [
          [
            -73.0934709,
            -36.8414059
          ],
          [
            -73.0925948,
            -36.8410077
          ]
        ]
      }
    },
    {
      "type": "Feature",
      "properties": {
        "highway": "primary",
        "cycleway_left": "track",
        "name": "O'Higgins",
        "surface": "concrete",
        "oneway": "yes",
        "osm_id": 116428635,
        "category": "cycle_track",
        "source": "OpenStreetMap/Overpass"
      },
      "geometry": {
        "type": "LineString",
        "coordinates": [
          [
            -73.0467344,
            -36.8263081
          ],
          [
            -73.0467995,
            -36.8263351
          ],
          [
            -73.0470488,
            -36.8264386
          ],
          [
            -73.0474596,
            -36.8266093
          ],
          [
            -73.0474957,
            -36.8266243
          ],
          [
            -73.0479461,
            -36.8268114
          ],
          [
            -73.0480114,
            -36.8268385
          ]
        ]
      }
    },
    {
      "type": "Feature",
      "properties": {
        "highway": "primary",
        "cycleway_left": "track",
        "name": "O'Higgins Poniente",
        "surface": "concrete",
        "oneway": "yes",
        "osm_id": 120489619,
        "category": "cycle_track",
        "source": "OpenStreetMap/Overpass"
      },
      "geometry": {
        "type": "LineString",
        "coordinates": [
          [
            -73.0580947,
            -36.8310609
          ],
          [
            -73.0581895,
            -36.831102
          ],
          [
            -73.0584796,
            -36.8312246
          ],
          [
            -73.0586088,
            -36.8312788
          ],
          [
            -73.0589353,
            -36.8314158
          ],
          [
            -73.0590506,
            -36.8314642
          ]
        ]
      }
    },
    {
      "type": "Feature",
      "properties": {
        "highway": "secondary",
        "cycleway_left": "track",
        "name": "Avenida Manuel Rodríguez",
        "surface": "asphalt",
        "oneway": "yes",
        "osm_id": 120628286,
        "category": "cycle_track",
        "source": "OpenStreetMap/Overpass"
      },
      "geometry": {
        "type": "LineString",
        "coordinates": [
          [
            -73.063256,
            -36.8203339
          ],
          [
            -73.0631535,
            -36.8202915
          ],
          [
            -73.0620631,
            -36.8198353
          ],
          [
            -73.0620058,
            -36.8198113
          ]
        ]
      }
    },
    {
      "type": "Feature",
      "properties": {
        "highway": "secondary",
        "cycleway_right": "lane",
        "name": "Avenida San Pedro",
        "surface": "concrete",
        "oneway": "yes",
        "osm_id": 136994060,
        "category": "cycle_lane",
        "source": "OpenStreetMap/Overpass"
      },
      "geometry": {
        "type": "LineString",
        "coordinates": [
          [
            -73.1071608,
            -36.8383191
          ],
          [
            -73.1071666,
            -36.8383903
          ],
          [
            -73.1072048,
            -36.8388595
          ]
        ]
      }
    },
    {
      "type": "Feature",
      "properties": {
        "highway": "residential",
        "cycleway_right": "track",
        "name": "Pedro Medina",
        "surface": "concrete",
        "oneway": "no",
        "osm_id": 142379433,
        "category": "cycle_track",
        "source": "OpenStreetMap/Overpass"
      },
      "geometry": {
        "type": "LineString",
        "coordinates": [
          [
            -73.0241757,
            -36.9262124
          ],
          [
            -73.0237144,
            -36.9261079
          ],
          [
            -73.0226865,
            -36.9258329
          ],
          [
            -73.0225658,
            -36.9257959
          ],
          [
            -73.0224551,
            -36.9257616
          ],
          [
            -73.022319,
            -36.925715
          ],
          [
            -73.0218738,
            -36.9255499
          ],
          [
            -73.0218047,
            -36.9255225
          ]
        ]
      }
    },
    {
      "type": "Feature",
      "properties": {
        "highway": "secondary",
        "cycleway_left": "track",
        "name": "Avenida Manuel Rodríguez",
        "surface": "asphalt",
        "oneway": "yes",
        "osm_id": 165476333,
        "category": "cycle_track",
        "source": "OpenStreetMap/Overpass"
      },
      "geometry": {
        "type": "LineString",
        "coordinates": [
          [
            -73.0557444,
            -36.817197
          ],
          [
            -73.0556588,
            -36.8171612
          ],
          [
            -73.05451,
            -36.8166808
          ],
          [
            -73.0544525,
            -36.8166568
          ],
          [
            -73.0543948,
            -36.8166327
          ],
          [
            -73.0539327,
            -36.8164395
          ],
          [
            -73.0539013,
            -36.8164263
          ],
          [
            -73.0538639,
            -36.8164107
          ],
          [
            -73.0532475,
            -36.816153
          ],
          [
            -73.0531911,
            -36.8161294
          ],
          [
            -73.0531276,
            -36.8161028
          ],
          [
            -73.0519349,
            -36.8156041
          ],
          [
            -73.0507229,
            -36.8150974
          ],
          [
            -73.0506644,
            -36.8150729
          ]
        ]
      }
    },
    {
      "type": "Feature",
      "properties": {
        "highway": "primary",
        "cycleway_right": "track",
        "name": "Avenida Padre Hurtado",
        "surface": "concrete",
        "oneway": "yes",
        "osm_id": 166648879,
        "category": "cycle_track",
        "source": "OpenStreetMap/Overpass"
      },
      "geometry": {
        "type": "LineString",
        "coordinates": [
          [
            -73.0612622,
            -36.8294538
          ],
          [
            -73.0611907,
            -36.829564
          ],
          [
            -73.0611812,
            -36.8295786
          ],
          [
            -73.0611239,
            -36.8296679
          ]
        ]
      }
    },
    {
      "type": "Feature",
      "properties": {
        "highway": "primary",
        "cycleway_left": "track",
        "name": "O'Higgins Poniente",
        "surface": "concrete",
        "oneway": "yes",
        "osm_id": 166769811,
        "category": "cycle_track",
        "source": "OpenStreetMap/Overpass"
      },
      "geometry": {
        "type": "LineString",
        "coordinates": [
          [
            -73.0594891,
            -36.8316505
          ],
          [
            -73.0595693,
            -36.8316853
          ],
          [
            -73.0596122,
            -36.8317088
          ],
          [
            -73.0596337,
            -36.8317206
          ],
          [
            -73.059653,
            -36.8317329
          ],
          [
            -73.0596678,
            -36.8317469
          ]
        ]
      }
    },
    {
      "type": "Feature",
      "properties": {
        "highway": "primary",
        "cycleway_right": "track",
        "name": "Avenida San Juan Bosco",
        "surface": "concrete",
        "oneway": "yes",
        "osm_id": 166770442,
        "category": "cycle_track",
        "source": "OpenStreetMap/Overpass"
      },
      "geometry": {
        "type": "LineString",
        "coordinates": [
          [
            -73.035136,
            -36.8193404
          ],
          [
            -73.0348879,
            -36.8190897
          ]
        ]
      }
    },
    {
      "type": "Feature",
      "properties": {
        "highway": "secondary",
        "cycleway_left": "shared_lane",
        "name": "Tucapel",
        "surface": "concrete",
        "oneway": "yes",
        "osm_id": 168811919,
        "category": "shared_lane",
        "source": "OpenStreetMap/Overpass"
      },
      "geometry": {
        "type": "LineString",
        "coordinates": [
          [
            -73.0458684,
            -36.8251741
          ],
          [
            -73.0460273,
            -36.8249199
          ],
          [
            -73.0460641,
            -36.8248611
          ],
          [
            -73.0460789,
            -36.8248374
          ],
          [
            -73.0461523,
            -36.8247208
          ]
        ]
      }
    },
    {
      "type": "Feature",
      "properties": {
        "highway": "primary",
        "cycleway_right": "track",
        "name": "Roosevelt",
        "surface": "concrete",
        "oneway": "no",
        "osm_id": 169054879,
        "category": "cycle_track",
        "source": "OpenStreetMap/Overpass"
      },
      "geometry": {
        "type": "LineString",
        "coordinates": [
          [
            -73.0359923,
            -36.8215473
          ],
          [
            -73.035842,
            -36.8210015
          ],
          [
            -73.0358246,
            -36.8209263
          ],
          [
            -73.0358206,
            -36.8208759
          ],
          [
            -73.0358242,
            -36.8208371
          ]
        ]
      }
    },
    {
      "type": "Feature",
      "properties": {
        "highway": "unclassified",
        "cycleway_both": "shared_lane",
        "name": "Caupolicán",
        "surface": "paving_stones",
        "oneway": "yes",
        "osm_id": 169523051,
        "category": "shared_lane",
        "source": "OpenStreetMap/Overpass"
      },
      "geometry": {
        "type": "LineString",
        "coordinates": [
          [
            -73.0512845,
            -36.8266821
          ],
          [
            -73.05131,
            -36.8266474
          ],
          [
            -73.0513708,
            -36.8265474
          ],
          [
            -73.0514054,
            -36.8264906
          ],
          [
            -73.0515023,
            -36.8263313
          ],
          [
            -73.0515661,
            -36.8262263
          ],
          [
            -73.0515728,
            -36.8262132
          ],
          [
            -73.0515779,
            -36.8262011
          ],
          [
            -73.0515896,
            -36.8261595
          ],
          [
            -73.051595,
            -36.8261454
          ],
          [
            -73.0516016,
            -36.8261326
          ],
          [
            -73.0516576,
            -36.8260463
          ],
          [
            -73.0517032,
            -36.8259761
          ]
        ]
      }
    },
    {
      "type": "Feature",
      "properties": {
        "highway": "primary",
        "cycleway_left": "track",
        "name": "O'Higgins",
        "surface": "asphalt",
        "oneway": "yes",
        "osm_id": 174683915,
        "category": "cycle_track",
        "source": "OpenStreetMap/Overpass"
      },
      "geometry": {
        "type": "LineString",
        "coordinates": [
          [
            -73.0576658,
            -36.8308755
          ],
          [
            -73.0579209,
            -36.8309858
          ],
          [
            -73.0579705,
            -36.8310072
          ],
          [
            -73.0580947,
            -36.8310609
          ]
        ]
      }
    },
    {
      "type": "Feature",
      "properties": {
        "highway": "primary",
        "cycleway_left": "track",
        "name": "O'Higgins",
        "surface": "concrete",
        "oneway": "yes",
        "osm_id": 175951241,
        "category": "cycle_track",
        "source": "OpenStreetMap/Overpass"
      },
      "geometry": {
        "type": "LineString",
        "coordinates": [
          [
            -73.0517527,
            -36.8284036
          ],
          [
            -73.0523713,
            -36.8286607
          ],
          [
            -73.0525028,
            -36.8287153
          ],
          [
            -73.0528658,
            -36.8288663
          ],
          [
            -73.0529062,
            -36.8288831
          ],
          [
            -73.0529842,
            -36.8289155
          ]
        ]
      }
    },
    {
      "type": "Feature",
      "properties": {
        "highway": "unclassified",
        "bicycle": "yes",
        "name": "Camino vecinal",
        "surface": "unpaved",
        "osm_id": 337344043,
        "category": "bicycle_access",
        "source": "OpenStreetMap/Overpass"
      },
      "geometry": {
        "type": "LineString",
        "coordinates": [
          [
            -72.9535823,
            -36.8614476
          ],
          [
            -72.9535403,
            -36.8611495
          ],
          [
            -72.9535403,
            -36.8610808
          ],
          [
            -72.9535505,
            -36.8610126
          ],
          [
            -72.9535677,
            -36.8609545
          ],
          [
            -72.9535924,
            -36.8608981
          ],
          [
            -72.9536243,
            -36.8608442
          ],
          [
            -72.9536794,
            -36.8607659
          ],
          [
            -72.9537291,
            -36.8606853
          ],
          [
            -72.9537731,
            -36.8606027
          ],
          [
            -72.9538124,
            -36.8605163
          ],
          [
            -72.9538455,
            -36.8604282
          ],
          [
            -72.9538724,
            -36.8603388
          ],
          [
            -72.9539392,
            -36.8601745
          ],
          [
            -72.9540145,
            -36.8600126
          ],
          [
            -72.954089,
            -36.8598698
          ],
          [
            -72.9541701,
            -36.8597293
          ],
          [
            -72.9542546,
            -36.8595913
          ],
          [
            -72.954343,
            -36.8594548
          ],
          [
            -72.9544401,
            -36.8593628
          ],
          [
            -72.9545454,
            -36.8592767
          ],
          [
            -72.9546583,
            -36.8591971
          ],
          [
            -72.9547568,
            -36.8591363
          ],
          [
            -72.9548598,
            -36.8590805
          ],
          [
            -72.9549667,
            -36.8590297
          ],
          [
            -72.9551077,
            -36.8589702
          ],
          [
            -72.9552527,
            -36.8589172
          ],
          [
            -72.9554012,
            -36.8588709
          ],
          [
            -72.9554823,
            -36.8588423
          ],
          [
            -72.9555606,
            -36.8588094
          ],
          [
            -72.9556359,
            -36.8587721
          ],
          [
            -72.9557291,
            -36.8587174
          ],
          [
            -72.9558156,
            -36.8586563
          ],
          [
            -72.9560262,
            -36.858491
          ],
          [
            -72.9560929,
            -36.8584358
          ],
          [
            -72.9561547,
            -36.8583771
          ],
          [
            -72.9562113,
            -36.858315
          ],
          [
            -72.9562963,
            -36.8582104
          ],
          [
            -72.9563724,
            -36.8581015
          ],
          [
            -72.9564393,
            -36.8579888
          ],
          [
            -72.9564959,
            -36.8578799
          ],
          [
            -72.956546,
            -36.8577689
          ],
          [
            -72.9565895,
            -36.8576562
          ],
          [
            -72.9566382,
            -36.8575084
          ],
          [
            -72.9566973,
            -36.857363
          ],
          [
            -72.9567665,
            -36.8572205
          ],
          [
            -72.9568314,
            -36.8571048
          ],
          [
            -72.956903,
            -36.8569917
          ],
          [
            -72.9569811,
            -36.8568814
          ],
          [
            -72.9570659,
            -36.8567555
          ],
          [
            -72.9571474,
            -36.8566282
          ],
          [
            -72.957241,
            -36.8564686
          ],
          [
            -72.9573271,
            -36.8563063
          ],
          [
            -72.9575041,
            -36.8559564
          ],
          [
            -72.9575313,
            -36.855883
          ],
          [
            -72.9575524,
            -36.8558083
          ],
          [
            -72.957568,
            -36.8557282
          ],
          [
            -72.9575765,
            -36.8556474
          ],
          [
            -72.9575923,
            -36.855449
          ],
          [
            -72.9576007,
            -36.8552503
          ],
          [
            -72.9576033,
            -36.8550143
          ],
          [
            -72.9575992,
            -36.854973
          ],
          [
            -72.9575875,
            -36.8549326
          ],
          [
            -72.9575685,
            -36.8548941
          ],
          [
            -72.9575418,
            -36.8548573
          ],
          [
            -72.9575084,
            -36.8548241
          ],
          [
            -72.9574876,
            -36.8548108
          ],
          [
            -72.9574692,
            -36.8547953
          ],
          [
            -72.9574473,
            -36.8547691
          ],
          [
            -72.9574325,
            -36.8547399
          ],
          [
            -72.9574254,
            -36.8547088
          ],
          [
            -72.9574263,
            -36.8546773
          ],
          [
            -72.9574343,
            -36.8545954
          ],
          [
            -72.9574409,
            -36.8545546
          ],
          [
            -72.9574505,
            -36.8545142
          ],
          [
            -72.9574706,
            -36.8544544
          ],
          [
            -72.9574975,
            -36.8543963
          ],
          [
            -72.9575309,
            -36.8543404
          ],
          [
            -72.9575721,
            -36.8542784
          ],
          [
            -72.9576167,
            -36.854218
          ],
          [
            -72.9576579,
            -36.854174
          ],
          [
            -72.9577041,
            -36.8541334
          ],
          [
            -72.9577549,
            -36.8540964
          ],
          [
            -72.9578099,
            -36.8540635
          ],
          [
            -72.9579616,
            -36.8539889
          ],
          [
            -72.9581156,
            -36.8539176
          ],
          [
            -72.9583269,
            -36.8538265
          ],
          [
            -72.9584338,
            -36.8537829
          ],
          [
            -72.9585421,
            -36.8537416
          ],
          [
            -72.9586806,
            -36.8536925
          ],
          [
            -72.9588211,
            -36.8536471
          ],
          [
            -72.9588773,
            -36.8536258
          ],
          [
            -72.9589279,
            -36.8535969
          ],
          [
            -72.9589713,
            -36.8535613
          ],
          [
            -72.9589972,
            -36.8535321
          ],
          [
            -72.9590183,
            -36.8535006
          ],
          [
            -72.9590342,
            -36.8534671
          ],
          [
            -72.9590585,
            -36.8534033
          ],
          [
            -72.9590759,
            -36.8533381
          ],
          [
            -72.9590847,
            -36.8532787
          ],
          [
            -72.9591007,
            -36.8532202
          ],
          [
            -72.9591238,
            -36.8531633
          ],
          [
            -72.9591537,
            -36.8531084
          ],
          [
            -72.9591999,
            -36.8530438
          ],
          [
            -72.9592556,
            -36.8529841
          ],
          [
            -72.95932,
            -36.8529303
          ],
          [
            -72.9594036,
            -36.8528722
          ],
          [
            -72.9594942,
            -36.8528213
          ],
          [
            -72.9595909,
            -36.8527779
          ],
          [
            -72.9597286,
            -36.8527255
          ],
          [
            -72.9598711,
            -36.8526817
          ],
          [
            -72.9600173,
            -36.852647
          ],
          [
            -72.9603259,
            -36.8525679
          ],
          [
            -72.96048,
            -36.8525278
          ],
          [
            -72.9606316,
            -36.8524817
          ],
          [
            -72.9607601,
            -36.8524373
          ],
          [
            -72.9608862,
            -36.8523886
          ],
          [
            -72.9609487,
            -36.8523633
          ],
          [
            -72.9610097,
            -36.8523358
          ],
          [
            -72.9611046,
            -36.8522869
          ],
          [
            -72.9611948,
            -36.8522328
          ]
        ]
      }
    },
    {
      "type": "Feature",
      "properties": {
        "highway": "living_street",
        "bicycle": "yes",
        "name": "Mulato Taguada",
        "surface": "concrete",
        "oneway": "no",
        "osm_id": 362104952,
        "category": "bicycle_access",
        "source": "OpenStreetMap/Overpass"
      },
      "geometry": {
        "type": "LineString",
        "coordinates": [
          [
            -73.1043765,
            -36.830473
          ],
          [
            -73.1043647,
            -36.8301822
          ],
          [
            -73.1043701,
            -36.8301576
          ],
          [
            -73.1044007,
            -36.830139
          ]
        ]
      }
    },
    {
      "type": "Feature",
      "properties": {
        "highway": "tertiary",
        "cycleway_right": "track",
        "name": "Avenida San Juan Bosco",
        "surface": "concrete",
        "oneway": "yes",
        "osm_id": 367487385,
        "category": "cycle_track",
        "source": "OpenStreetMap/Overpass"
      },
      "geometry": {
        "type": "LineString",
        "coordinates": [
          [
            -73.0360647,
            -36.8203928
          ],
          [
            -73.0359364,
            -36.8202065
          ]
        ]
      }
    },
    {
      "type": "Feature",
      "properties": {
        "highway": "primary",
        "cycleway_right": "track",
        "name": "Avenida San Juan Bosco",
        "surface": "concrete",
        "oneway": "yes",
        "osm_id": 367487388,
        "category": "cycle_track",
        "source": "OpenStreetMap/Overpass"
      },
      "geometry": {
        "type": "LineString",
        "coordinates": [
          [
            -73.0339752,
            -36.8181053
          ],
          [
            -73.0335915,
            -36.8176784
          ],
          [
            -73.0332255,
            -36.8172768
          ]
        ]
      }
    },
    {
      "type": "Feature",
      "properties": {
        "highway": "residential",
        "cycleway_right": "track",
        "name": "Barros Arana",
        "surface": "concrete",
        "oneway": "yes",
        "osm_id": 367487390,
        "category": "cycle_track",
        "source": "OpenStreetMap/Overpass"
      },
      "geometry": {
        "type": "LineString",
        "coordinates": [
          [
            -73.0423585,
            -36.8231581
          ],
          [
            -73.0422751,
            -36.8231204
          ]
        ]
      }
    },
    {
      "type": "Feature",
      "properties": {
        "highway": "residential",
        "cycleway_left": "track",
        "cycleway_right": "shared_lane",
        "name": "Diagonal Pedro Aguirre Cerda",
        "surface": "paving_stones",
        "oneway": "yes",
        "osm_id": 367537898,
        "category": "cycle_track",
        "source": "OpenStreetMap/Overpass"
      },
      "geometry": {
        "type": "LineString",
        "coordinates": [
          [
            -73.0440938,
            -36.8259133
          ],
          [
            -73.0449642,
            -36.8257262
          ],
          [
            -73.0450086,
            -36.8257184
          ],
          [
            -73.0450551,
            -36.8257133
          ],
          [
            -73.0451235,
            -36.82571
          ],
          [
            -73.0451946,
            -36.8257124
          ],
          [
            -73.0452398,
            -36.8257154
          ],
          [
            -73.0452794,
            -36.8257197
          ],
          [
            -73.0453419,
            -36.8257267
          ]
        ]
      }
    },
    {
      "type": "Feature",
      "properties": {
        "highway": "residential",
        "cycleway_both": "shared_lane",
        "name": "Diagonal Pedro Aguirre Cerda",
        "surface": "paving_stones",
        "oneway": "no",
        "osm_id": 367537909,
        "category": "shared_lane",
        "source": "OpenStreetMap/Overpass"
      },
      "geometry": {
        "type": "LineString",
        "coordinates": [
          [
            -73.0403424,
            -36.8267388
          ],
          [
            -73.0404057,
            -36.826725
          ],
          [
            -73.0410846,
            -36.8265775
          ],
          [
            -73.0411348,
            -36.8265666
          ],
          [
            -73.0415782,
            -36.8264703
          ],
          [
            -73.0421807,
            -36.8263393
          ],
          [
            -73.0422618,
            -36.8263217
          ],
          [
            -73.042999,
            -36.8261615
          ],
          [
            -73.0430634,
            -36.8261475
          ]
        ]
      }
    },
    {
      "type": "Feature",
      "properties": {
        "highway": "primary",
        "cycleway_right": "track",
        "name": "Avenida Chacabuco",
        "surface": "concrete",
        "oneway": "yes",
        "osm_id": 368064673,
        "category": "cycle_track",
        "source": "OpenStreetMap/Overpass"
      },
      "geometry": {
        "type": "LineString",
        "coordinates": [
          [
            -73.0385551,
            -36.8267019
          ],
          [
            -73.0383656,
            -36.8266242
          ],
          [
            -73.0383307,
            -36.8266099
          ],
          [
            -73.0378222,
            -36.8264013
          ]
        ]
      }
    },
    {
      "type": "Feature",
      "properties": {
        "highway": "secondary",
        "cycleway_both": "shared_lane",
        "name": "Tucapel",
        "surface": "concrete",
        "oneway": "yes",
        "osm_id": 394764653,
        "category": "shared_lane",
        "source": "OpenStreetMap/Overpass"
      },
      "geometry": {
        "type": "LineString",
        "coordinates": [
          [
            -73.0454748,
            -36.8258044
          ],
          [
            -73.0455255,
            -36.8257223
          ]
        ]
      }
    },
    {
      "type": "Feature",
      "properties": {
        "highway": "tertiary",
        "cycleway_right": "lane",
        "name": "Avenida Las Torres",
        "surface": "concrete",
        "oneway": "yes",
        "osm_id": 419120359,
        "category": "cycle_lane",
        "source": "OpenStreetMap/Overpass"
      },
      "geometry": {
        "type": "LineString",
        "coordinates": [
          [
            -73.1283834,
            -36.8273156
          ],
          [
            -73.128059,
            -36.8274413
          ],
          [
            -73.127721,
            -36.8275756
          ],
          [
            -73.1273732,
            -36.8277108
          ],
          [
            -73.1271406,
            -36.8278012
          ],
          [
            -73.1270153,
            -36.8278497
          ],
          [
            -73.1265323,
            -36.8280425
          ],
          [
            -73.1262362,
            -36.8281588
          ],
          [
            -73.1259255,
            -36.828279
          ],
          [
            -73.1256253,
            -36.828395
          ],
          [
            -73.1253155,
            -36.8285161
          ],
          [
            -73.1250014,
            -36.828636
          ],
          [
            -73.124606,
            -36.8287888
          ],
          [
            -73.123884,
            -36.8290677
          ]
        ]
      }
    },
    {
      "type": "Feature",
      "properties": {
        "highway": "trunk",
        "cycleway_left": "track",
        "name": "Avenida Pedro Aguirre Cerda",
        "surface": "concrete",
        "oneway": "no",
        "osm_id": 419979431,
        "category": "cycle_track",
        "source": "OpenStreetMap/Overpass"
      },
      "geometry": {
        "type": "LineString",
        "coordinates": [
          [
            -73.0838123,
            -36.8398613
          ],
          [
            -73.0839593,
            -36.8397966
          ],
          [
            -73.0841121,
            -36.8397316
          ],
          [
            -73.0841593,
            -36.8397131
          ],
          [
            -73.0843169,
            -36.8396503
          ],
          [
            -73.0843691,
            -36.8396317
          ],
          [
            -73.0844901,
            -36.8395885
          ],
          [
            -73.0845278,
            -36.8395763
          ],
          [
            -73.0846779,
            -36.8395277
          ],
          [
            -73.0847742,
            -36.8394979
          ],
          [
            -73.0848876,
            -36.8394593
          ],
          [
            -73.0849593,
            -36.8394416
          ],
          [
            -73.0850418,
            -36.839418
          ],
          [
            -73.0850887,
            -36.839404
          ],
          [
            -73.0851658,
            -36.8393858
          ],
          [
            -73.0852503,
            -36.8393686
          ],
          [
            -73.0853717,
            -36.8393401
          ]
        ]
      }
    },
    {
      "type": "Feature",
      "properties": {
        "highway": "secondary",
        "cycleway_right": "lane",
        "name": "Avenida Las Torres",
        "surface": "asphalt",
        "oneway": "yes",
        "osm_id": 420569761,
        "category": "cycle_lane",
        "source": "OpenStreetMap/Overpass"
      },
      "geometry": {
        "type": "LineString",
        "coordinates": [
          [
            -73.1207715,
            -36.8302776
          ],
          [
            -73.1205938,
            -36.8303489
          ],
          [
            -73.1200924,
            -36.8305501
          ],
          [
            -73.1199062,
            -36.830616
          ],
          [
            -73.1198493,
            -36.8306325
          ],
          [
            -73.1198013,
            -36.8306456
          ],
          [
            -73.1197458,
            -36.8306577
          ],
          [
            -73.1196865,
            -36.8306694
          ],
          [
            -73.1196168,
            -36.8306759
          ],
          [
            -73.1195256,
            -36.8306764
          ],
          [
            -73.1194525,
            -36.830671
          ],
          [
            -73.1189685,
            -36.8306291
          ],
          [
            -73.118459,
            -36.830585
          ],
          [
            -73.1184031,
            -36.8305801
          ],
          [
            -73.1178565,
            -36.8305325
          ]
        ]
      }
    },
    {
      "type": "Feature",
      "properties": {
        "highway": "tertiary",
        "cycleway_right": "lane",
        "name": "Avenida Las Torres",
        "surface": "asphalt",
        "oneway": "yes",
        "osm_id": 420569778,
        "category": "cycle_lane",
        "source": "OpenStreetMap/Overpass"
      },
      "geometry": {
        "type": "LineString",
        "coordinates": [
          [
            -73.123884,
            -36.8290677
          ],
          [
            -73.1233594,
            -36.8292717
          ],
          [
            -73.1228716,
            -36.8294613
          ],
          [
            -73.1227637,
            -36.8295033
          ]
        ]
      }
    },
    {
      "type": "Feature",
      "properties": {
        "highway": "residential",
        "cycleway_both": "shared_lane",
        "name": "Ongolmo",
        "surface": "concrete",
        "oneway": "no",
        "osm_id": 425695780,
        "category": "shared_lane",
        "source": "OpenStreetMap/Overpass"
      },
      "geometry": {
        "type": "LineString",
        "coordinates": [
          [
            -73.0474111,
            -36.8175672
          ],
          [
            -73.0473762,
            -36.8176494
          ],
          [
            -73.0473461,
            -36.8176958
          ],
          [
            -73.0473023,
            -36.8177635
          ],
          [
            -73.0470166,
            -36.8182051
          ]
        ]
      }
    },
    {
      "type": "Feature",
      "properties": {
        "highway": "residential",
        "cycleway_both": "shared_lane",
        "name": "Ongolmo",
        "surface": "concrete",
        "oneway": "no",
        "osm_id": 425696099,
        "category": "shared_lane",
        "source": "OpenStreetMap/Overpass"
      },
      "geometry": {
        "type": "LineString",
        "coordinates": [
          [
            -73.0456576,
            -36.8205331
          ],
          [
            -73.0456763,
            -36.8205043
          ],
          [
            -73.0457953,
            -36.8203207
          ],
          [
            -73.0461464,
            -36.8197792
          ],
          [
            -73.0461739,
            -36.8197379
          ],
          [
            -73.0462007,
            -36.8197085
          ],
          [
            -73.0462265,
            -36.8196791
          ],
          [
            -73.0462483,
            -36.8196563
          ],
          [
            -73.0462765,
            -36.819616
          ],
          [
            -73.0468552,
            -36.8187099
          ],
          [
            -73.0468679,
            -36.818693
          ],
          [
            -73.0468783,
            -36.8186825
          ]
        ]
      }
    },
    {
      "type": "Feature",
      "properties": {
        "highway": "residential",
        "cycleway_right": "track",
        "name": "Ongolmo",
        "surface": "asphalt",
        "oneway": "yes",
        "osm_id": 442128498,
        "category": "cycle_track",
        "source": "OpenStreetMap/Overpass"
      },
      "geometry": {
        "type": "LineString",
        "coordinates": [
          [
            -73.0493588,
            -36.8145273
          ],
          [
            -73.0493405,
            -36.8145558
          ],
          [
            -73.0487527,
            -36.815468
          ],
          [
            -73.0487118,
            -36.8155315
          ],
          [
            -73.0484485,
            -36.8159401
          ],
          [
            -73.0481003,
            -36.8164805
          ],
          [
            -73.0480645,
            -36.8165361
          ],
          [
            -73.0477502,
            -36.8170238
          ],
          [
            -73.0476318,
            -36.8172076
          ]
        ]
      }
    },
    {
      "type": "Feature",
      "properties": {
        "highway": "secondary",
        "cycleway_right": "track",
        "name": "Avenida Curanilahue",
        "surface": "concrete",
        "oneway": "yes",
        "osm_id": 464618691,
        "category": "cycle_track",
        "source": "OpenStreetMap/Overpass"
      },
      "geometry": {
        "type": "LineString",
        "coordinates": [
          [
            -73.091314,
            -36.7905255
          ],
          [
            -73.0912816,
            -36.7905028
          ],
          [
            -73.0912261,
            -36.790464
          ],
          [
            -73.0908934,
            -36.7902311
          ],
          [
            -73.0908555,
            -36.7902066
          ],
          [
            -73.0908132,
            -36.7901833
          ],
          [
            -73.090776,
            -36.7901688
          ],
          [
            -73.0907311,
            -36.7901556
          ],
          [
            -73.0906902,
            -36.7901478
          ],
          [
            -73.0906441,
            -36.7901446
          ],
          [
            -73.0905926,
            -36.7901435
          ],
          [
            -73.089685,
            -36.7901411
          ],
          [
            -73.0892737,
            -36.79014
          ]
        ]
      }
    },
    {
      "type": "Feature",
      "properties": {
        "highway": "primary",
        "cycleway_right": "track",
        "name": "Avenida San Juan Bosco",
        "surface": "concrete",
        "oneway": "yes",
        "osm_id": 538389277,
        "category": "cycle_track",
        "source": "OpenStreetMap/Overpass"
      },
      "geometry": {
        "type": "LineString",
        "coordinates": [
          [
            -73.0326857,
            -36.8166899
          ],
          [
            -73.0326462,
            -36.8166475
          ]
        ]
      }
    },
    {
      "type": "Feature",
      "properties": {
        "highway": "primary",
        "cycleway_left": "track",
        "name": "O'Higgins",
        "surface": "asphalt",
        "oneway": "yes",
        "osm_id": 561534489,
        "category": "cycle_track",
        "source": "OpenStreetMap/Overpass"
      },
      "geometry": {
        "type": "LineString",
        "coordinates": [
          [
            -73.0550316,
            -36.829773
          ],
          [
            -73.0553941,
            -36.8299254
          ],
          [
            -73.055434,
            -36.8299422
          ],
          [
            -73.0554881,
            -36.829965
          ]
        ]
      }
    },
    {
      "type": "Feature",
      "properties": {
        "highway": "unclassified",
        "cycleway_both": "shared_lane",
        "name": "Caupolicán",
        "surface": "paving_stones",
        "oneway": "yes",
        "osm_id": 562915890,
        "category": "shared_lane",
        "source": "OpenStreetMap/Overpass"
      },
      "geometry": {
        "type": "LineString",
        "coordinates": [
          [
            -73.0509927,
            -36.8271183
          ],
          [
            -73.0511311,
            -36.8269056
          ],
          [
            -73.0511622,
            -36.8268567
          ]
        ]
      }
    },
    {
      "type": "Feature",
      "properties": {
        "highway": "residential",
        "cycleway_right": "track",
        "name": "Barros Arana",
        "surface": "concrete",
        "oneway": "yes",
        "osm_id": 562924372,
        "category": "cycle_track",
        "source": "OpenStreetMap/Overpass"
      },
      "geometry": {
        "type": "LineString",
        "coordinates": [
          [
            -73.0436015,
            -36.8236787
          ],
          [
            -73.0435498,
            -36.8236573
          ],
          [
            -73.0431743,
            -36.8234999
          ],
          [
            -73.0424711,
            -36.8232045
          ],
          [
            -73.0424314,
            -36.8231881
          ],
          [
            -73.0423585,
            -36.8231581
          ]
        ]
      }
    },
    {
      "type": "Feature",
      "properties": {
        "highway": "primary",
        "cycleway_right": "track",
        "name": "Roosevelt",
        "surface": "concrete",
        "osm_id": 564526964,
        "category": "cycle_track",
        "source": "OpenStreetMap/Overpass"
      },
      "geometry": {
        "type": "LineString",
        "coordinates": [
          [
            -73.0361973,
            -36.8222485
          ],
          [
            -73.0361024,
            -36.8219192
          ]
        ]
      }
    },
    {
      "type": "Feature",
      "properties": {
        "highway": "primary",
        "cycleway_right": "track",
        "name": "Roosevelt",
        "surface": "concrete",
        "oneway": "no",
        "osm_id": 564526965,
        "category": "cycle_track",
        "source": "OpenStreetMap/Overpass"
      },
      "geometry": {
        "type": "LineString",
        "coordinates": [
          [
            -73.0366067,
            -36.8237315
          ],
          [
            -73.0365788,
            -36.8236311
          ],
          [
            -73.0363556,
            -36.8228281
          ]
        ]
      }
    },
    {
      "type": "Feature",
      "properties": {
        "highway": "tertiary",
        "cycleway_right": "track",
        "name": "Barros Arana",
        "surface": "asphalt",
        "oneway": "yes",
        "osm_id": 564526971,
        "category": "cycle_track",
        "source": "OpenStreetMap/Overpass"
      },
      "geometry": {
        "type": "LineString",
        "coordinates": [
          [
            -73.0372759,
            -36.821031
          ],
          [
            -73.0372107,
            -36.8210037
          ],
          [
            -73.0362457,
            -36.8206005
          ]
        ]
      }
    },
    {
      "type": "Feature",
      "properties": {
        "highway": "primary",
        "cycleway_left": "track",
        "name": "O'Higgins",
        "surface": "asphalt",
        "oneway": "yes",
        "osm_id": 564848754,
        "category": "cycle_track",
        "source": "OpenStreetMap/Overpass"
      },
      "geometry": {
        "type": "LineString",
        "coordinates": [
          [
            -73.0554881,
            -36.829965
          ],
          [
            -73.0555461,
            -36.8299904
          ],
          [
            -73.0563597,
            -36.83033
          ],
          [
            -73.0565423,
            -36.8304063
          ],
          [
            -73.0566545,
            -36.8304532
          ],
          [
            -73.056693,
            -36.8304692
          ],
          [
            -73.0567523,
            -36.8304938
          ]
        ]
      }
    },
    {
      "type": "Feature",
      "properties": {
        "highway": "primary",
        "cycleway_left": "track",
        "name": "O'Higgins",
        "surface": "concrete",
        "oneway": "yes",
        "osm_id": 564848755,
        "category": "cycle_track",
        "source": "OpenStreetMap/Overpass"
      },
      "geometry": {
        "type": "LineString",
        "coordinates": [
          [
            -73.0542405,
            -36.8294403
          ],
          [
            -73.0548248,
            -36.8296861
          ],
          [
            -73.0550316,
            -36.829773
          ]
        ]
      }
    },
    {
      "type": "Feature",
      "properties": {
        "highway": "primary",
        "cycleway_left": "track",
        "name": "O'Higgins",
        "surface": "concrete",
        "oneway": "yes",
        "osm_id": 564848765,
        "category": "cycle_track",
        "source": "OpenStreetMap/Overpass"
      },
      "geometry": {
        "type": "LineString",
        "coordinates": [
          [
            -73.0505074,
            -36.8278785
          ],
          [
            -73.0505806,
            -36.8279093
          ],
          [
            -73.0516821,
            -36.8283738
          ],
          [
            -73.0517527,
            -36.8284036
          ]
        ]
      }
    },
    {
      "type": "Feature",
      "properties": {
        "highway": "primary",
        "cycleway_left": "track",
        "name": "O'Higgins",
        "surface": "concrete",
        "oneway": "yes",
        "osm_id": 564848766,
        "category": "cycle_track",
        "source": "OpenStreetMap/Overpass"
      },
      "geometry": {
        "type": "LineString",
        "coordinates": [
          [
            -73.0500517,
            -36.8276935
          ],
          [
            -73.0504235,
            -36.827845
          ],
          [
            -73.0505074,
            -36.8278785
          ]
        ]
      }
    },
    {
      "type": "Feature",
      "properties": {
        "highway": "primary",
        "cycleway_left": "track",
        "name": "O'Higgins",
        "surface": "concrete",
        "oneway": "yes",
        "osm_id": 564848767,
        "category": "cycle_track",
        "source": "OpenStreetMap/Overpass"
      },
      "geometry": {
        "type": "LineString",
        "coordinates": [
          [
            -73.0496541,
            -36.8275231
          ],
          [
            -73.0500517,
            -36.8276935
          ]
        ]
      }
    },
    {
      "type": "Feature",
      "properties": {
        "highway": "primary",
        "cycleway_left": "track",
        "name": "O'Higgins",
        "surface": "concrete",
        "oneway": "yes",
        "osm_id": 564848768,
        "category": "cycle_track",
        "source": "OpenStreetMap/Overpass"
      },
      "geometry": {
        "type": "LineString",
        "coordinates": [
          [
            -73.0454748,
            -36.8258044
          ],
          [
            -73.0455375,
            -36.825834
          ],
          [
            -73.0458762,
            -36.8259805
          ]
        ]
      }
    },
    {
      "type": "Feature",
      "properties": {
        "highway": "primary",
        "cycleway_left": "track",
        "name": "O'Higgins",
        "surface": "concrete",
        "oneway": "yes",
        "osm_id": 564848769,
        "category": "cycle_track",
        "source": "OpenStreetMap/Overpass"
      },
      "geometry": {
        "type": "LineString",
        "coordinates": [
          [
            -73.0453419,
            -36.8257267
          ],
          [
            -73.0454101,
            -36.8257647
          ],
          [
            -73.0454748,
            -36.8258044
          ]
        ]
      }
    },
    {
      "type": "Feature",
      "properties": {
        "highway": "primary",
        "cycleway_left": "track",
        "name": "O'Higgins",
        "surface": "concrete",
        "oneway": "yes",
        "osm_id": 564896196,
        "category": "cycle_track",
        "source": "OpenStreetMap/Overpass"
      },
      "geometry": {
        "type": "LineString",
        "coordinates": [
          [
            -73.0492606,
            -36.8273609
          ],
          [
            -73.0493105,
            -36.8273814
          ],
          [
            -73.0496541,
            -36.8275231
          ]
        ]
      }
    },
    {
      "type": "Feature",
      "properties": {
        "highway": "living_street",
        "cycleway_both": "shared_lane",
        "name": "Barros Arana",
        "surface": "paving_stones",
        "oneway": "yes",
        "osm_id": 564896205,
        "category": "shared_lane",
        "source": "OpenStreetMap/Overpass"
      },
      "geometry": {
        "type": "LineString",
        "coordinates": [
          [
            -73.0536547,
            -36.8278583
          ],
          [
            -73.0535543,
            -36.827815
          ],
          [
            -73.0533349,
            -36.8277241
          ],
          [
            -73.0529462,
            -36.827563
          ],
          [
            -73.0528333,
            -36.8275162
          ],
          [
            -73.0526324,
            -36.8274329
          ]
        ]
      }
    },
    {
      "type": "Feature",
      "properties": {
        "highway": "living_street",
        "cycleway_both": "shared_lane",
        "name": "Barros Arana",
        "surface": "paving_stones",
        "oneway": "yes",
        "osm_id": 564896207,
        "category": "shared_lane",
        "source": "OpenStreetMap/Overpass"
      },
      "geometry": {
        "type": "LineString",
        "coordinates": [
          [
            -73.0549156,
            -36.8283794
          ],
          [
            -73.0547937,
            -36.8283301
          ],
          [
            -73.0545095,
            -36.8282127
          ],
          [
            -73.0539594,
            -36.8279839
          ]
        ]
      }
    },
    {
      "type": "Feature",
      "properties": {
        "highway": "living_street",
        "cycleway_both": "shared_lane",
        "name": "Barros Arana",
        "surface": "paving_stones",
        "oneway": "yes",
        "osm_id": 564896211,
        "category": "shared_lane",
        "source": "OpenStreetMap/Overpass"
      },
      "geometry": {
        "type": "LineString",
        "coordinates": [
          [
            -73.0581614,
            -36.8297765
          ],
          [
            -73.0581513,
            -36.8297532
          ],
          [
            -73.0581332,
            -36.829732
          ],
          [
            -73.05812,
            -36.8297209
          ],
          [
            -73.0581077,
            -36.8297121
          ],
          [
            -73.0580879,
            -36.8297036
          ],
          [
            -73.0580117,
            -36.8296714
          ],
          [
            -73.0577156,
            -36.8295466
          ]
        ]
      }
    },
    {
      "type": "Feature",
      "properties": {
        "highway": "secondary",
        "cycleway_left": "track",
        "name": "Avenida Manuel Rodríguez",
        "surface": "asphalt",
        "oneway": "yes",
        "osm_id": 565170261,
        "category": "cycle_track",
        "source": "OpenStreetMap/Overpass"
      },
      "geometry": {
        "type": "LineString",
        "coordinates": [
          [
            -73.0584939,
            -36.8183513
          ],
          [
            -73.0582336,
            -36.8182377
          ]
        ]
      }
    },
    {
      "type": "Feature",
      "properties": {
        "highway": "secondary",
        "cycleway_left": "track",
        "name": "Avenida Manuel Rodríguez",
        "surface": "asphalt",
        "oneway": "yes",
        "osm_id": 565170262,
        "category": "cycle_track",
        "source": "OpenStreetMap/Overpass"
      },
      "geometry": {
        "type": "LineString",
        "coordinates": [
          [
            -73.0620058,
            -36.8198113
          ],
          [
            -73.0619397,
            -36.8197839
          ],
          [
            -73.0613149,
            -36.8195246
          ],
          [
            -73.0607862,
            -36.8193056
          ],
          [
            -73.060728,
            -36.819281
          ],
          [
            -73.0606558,
            -36.8192505
          ],
          [
            -73.0595803,
            -36.8188031
          ],
          [
            -73.0595325,
            -36.8187833
          ],
          [
            -73.0594778,
            -36.8187616
          ],
          [
            -73.0594122,
            -36.8187333
          ],
          [
            -73.0584939,
            -36.8183513
          ]
        ]
      }
    },
    {
      "type": "Feature",
      "properties": {
        "highway": "secondary",
        "cycleway_right": "lane",
        "name": "Avenida San Pedro",
        "surface": "concrete",
        "oneway": "yes",
        "osm_id": 565635957,
        "category": "cycle_lane",
        "source": "OpenStreetMap/Overpass"
      },
      "geometry": {
        "type": "LineString",
        "coordinates": [
          [
            -73.1070772,
            -36.8388652
          ],
          [
            -73.1070387,
            -36.8384237
          ],
          [
            -73.1070362,
            -36.8383953
          ],
          [
            -73.1070304,
            -36.8383284
          ]
        ]
      }
    },
    {
      "type": "Feature",
      "properties": {
        "highway": "secondary",
        "cycleway_right": "lane",
        "name": "Avenida San Pedro",
        "surface": "concrete",
        "oneway": "yes",
        "osm_id": 565635958,
        "category": "cycle_lane",
        "source": "OpenStreetMap/Overpass"
      },
      "geometry": {
        "type": "LineString",
        "coordinates": [
          [
            -73.1072907,
            -36.8414988
          ],
          [
            -73.1071955,
            -36.8403472
          ],
          [
            -73.1071761,
            -36.8401134
          ],
          [
            -73.1071705,
            -36.8400446
          ]
        ]
      }
    },
    {
      "type": "Feature",
      "properties": {
        "highway": "secondary",
        "cycleway_right": "lane",
        "name": "Avenida San Pedro",
        "surface": "concrete",
        "oneway": "yes",
        "osm_id": 565635970,
        "category": "cycle_lane",
        "source": "OpenStreetMap/Overpass"
      },
      "geometry": {
        "type": "LineString",
        "coordinates": [
          [
            -73.1073626,
            -36.8416538
          ],
          [
            -73.1073322,
            -36.8416242
          ],
          [
            -73.1073102,
            -36.8415885
          ],
          [
            -73.1072974,
            -36.8415509
          ],
          [
            -73.1072926,
            -36.841525
          ],
          [
            -73.1072907,
            -36.8414988
          ]
        ]
      }
    },
    {
      "type": "Feature",
      "properties": {
        "highway": "secondary",
        "cycleway_right": "lane",
        "name": "Avenida San Pedro",
        "surface": "concrete",
        "oneway": "yes",
        "osm_id": 565635971,
        "category": "cycle_lane",
        "source": "OpenStreetMap/Overpass"
      },
      "geometry": {
        "type": "LineString",
        "coordinates": [
          [
            -73.1074234,
            -36.8414862
          ],
          [
            -73.1074235,
            -36.8415119
          ],
          [
            -73.1074231,
            -36.8415321
          ],
          [
            -73.1074192,
            -36.8415563
          ],
          [
            -73.1074097,
            -36.8415869
          ],
          [
            -73.1073907,
            -36.8416184
          ],
          [
            -73.1073626,
            -36.8416538
          ]
        ]
      }
    },
    {
      "type": "Feature",
      "properties": {
        "highway": "trunk",
        "cycleway_left": "track",
        "name": "Avenida Pedro Aguirre Cerda",
        "surface": "concrete",
        "oneway": "no",
        "osm_id": 567610353,
        "category": "cycle_track",
        "source": "OpenStreetMap/Overpass"
      },
      "geometry": {
        "type": "LineString",
        "coordinates": [
          [
            -73.0893979,
            -36.8390584
          ],
          [
            -73.0895015,
            -36.8390533
          ],
          [
            -73.0895389,
            -36.8390515
          ],
          [
            -73.089619,
            -36.8390477
          ]
        ]
      }
    },
    {
      "type": "Feature",
      "properties": {
        "highway": "trunk",
        "cycleway_left": "track",
        "name": "Avenida Pedro Aguirre Cerda",
        "surface": "concrete",
        "oneway": "no",
        "osm_id": 567643527,
        "category": "cycle_track",
        "source": "OpenStreetMap/Overpass"
      },
      "geometry": {
        "type": "LineString",
        "coordinates": [
          [
            -73.0859041,
            -36.8392586
          ],
          [
            -73.0860668,
            -36.8392493
          ],
          [
            -73.0868402,
            -36.8392065
          ]
        ]
      }
    },
    {
      "type": "Feature",
      "properties": {
        "highway": "trunk",
        "cycleway_left": "track",
        "name": "Avenida Pedro Aguirre Cerda",
        "surface": "concrete",
        "oneway": "no",
        "osm_id": 567643528,
        "category": "cycle_track",
        "source": "OpenStreetMap/Overpass"
      },
      "geometry": {
        "type": "LineString",
        "coordinates": [
          [
            -73.0853717,
            -36.8393401
          ],
          [
            -73.0854562,
            -36.8393214
          ],
          [
            -73.0855186,
            -36.8393106
          ],
          [
            -73.0856916,
            -36.8392833
          ],
          [
            -73.0858076,
            -36.8392693
          ],
          [
            -73.0859041,
            -36.8392586
          ]
        ]
      }
    },
    {
      "type": "Feature",
      "properties": {
        "highway": "residential",
        "cycleway_right": "track",
        "name": "Manquimávida",
        "surface": "concrete",
        "oneway": "no",
        "osm_id": 675089638,
        "category": "cycle_track",
        "source": "OpenStreetMap/Overpass"
      },
      "geometry": {
        "type": "LineString",
        "coordinates": [
          [
            -73.0185733,
            -36.9405814
          ],
          [
            -73.0185143,
            -36.9405589
          ],
          [
            -73.0184827,
            -36.9405467
          ],
          [
            -73.0180582,
            -36.9403837
          ],
          [
            -73.0171641,
            -36.9400405
          ],
          [
            -73.01692,
            -36.9399468
          ],
          [
            -73.0168683,
            -36.9399273
          ],
          [
            -73.0165734,
            -36.9398161
          ],
          [
            -73.0164818,
            -36.9397823
          ],
          [
            -73.0155062,
            -36.939413
          ],
          [
            -73.0153941,
            -36.9393667
          ],
          [
            -73.0152467,
            -36.9393058
          ],
          [
            -73.0139824,
            -36.9388271
          ],
          [
            -73.0137932,
            -36.9387543
          ],
          [
            -73.01363,
            -36.9386916
          ],
          [
            -73.0132984,
            -36.9385634
          ],
          [
            -73.0129715,
            -36.938437
          ],
          [
            -73.0117804,
            -36.937975
          ]
        ]
      }
    },
    {
      "type": "Feature",
      "properties": {
        "highway": "primary",
        "cycleway_right": "track",
        "name": "Avenida Chacabuco",
        "surface": "concrete",
        "oneway": "yes",
        "osm_id": 675946620,
        "category": "cycle_track",
        "source": "OpenStreetMap/Overpass"
      },
      "geometry": {
        "type": "LineString",
        "coordinates": [
          [
            -73.0394554,
            -36.8270847
          ],
          [
            -73.039362,
            -36.8270434
          ],
          [
            -73.0385551,
            -36.8267019
          ]
        ]
      }
    },
    {
      "type": "Feature",
      "properties": {
        "highway": "primary",
        "cycleway_right": "track",
        "name": "Avenida Chacabuco",
        "surface": "concrete",
        "oneway": "yes",
        "osm_id": 675946624,
        "category": "cycle_track",
        "source": "OpenStreetMap/Overpass"
      },
      "geometry": {
        "type": "LineString",
        "coordinates": [
          [
            -73.0397969,
            -36.8272283
          ],
          [
            -73.0394554,
            -36.8270847
          ]
        ]
      }
    },
    {
      "type": "Feature",
      "properties": {
        "highway": "living_street",
        "cycleway": "shared_lane",
        "name": "Barros Arana",
        "surface": "sett",
        "oneway": "no",
        "osm_id": 679169291,
        "category": "shared_lane",
        "source": "OpenStreetMap/Overpass"
      },
      "geometry": {
        "type": "LineString",
        "coordinates": [
          [
            -73.0472582,
            -36.8252669
          ],
          [
            -73.0472197,
            -36.8252508
          ],
          [
            -73.0469148,
            -36.8251229
          ],
          [
            -73.046419,
            -36.824915
          ]
        ]
      }
    },
    {
      "type": "Feature",
      "properties": {
        "highway": "living_street",
        "cycleway_left": "shared_lane",
        "cycleway_right": "track",
        "name": "Barros Arana",
        "surface": "paving_stones",
        "oneway": "yes",
        "osm_id": 679169292,
        "category": "cycle_track",
        "source": "OpenStreetMap/Overpass"
      },
      "geometry": {
        "type": "LineString",
        "coordinates": [
          [
            -73.046419,
            -36.824915
          ],
          [
            -73.0463201,
            -36.8248496
          ],
          [
            -73.0462101,
            -36.8247728
          ],
          [
            -73.0461523,
            -36.8247208
          ]
        ]
      }
    },
    {
      "type": "Feature",
      "properties": {
        "highway": "living_street",
        "cycleway_both": "shared_lane",
        "name": "Barros Arana",
        "surface": "paving_stones",
        "oneway": "yes",
        "osm_id": 679169293,
        "category": "shared_lane",
        "source": "OpenStreetMap/Overpass"
      },
      "geometry": {
        "type": "LineString",
        "coordinates": [
          [
            -73.0472582,
            -36.8252669
          ],
          [
            -73.0472811,
            -36.8252892
          ],
          [
            -73.0472939,
            -36.8253042
          ],
          [
            -73.0473008,
            -36.8253133
          ],
          [
            -73.0473091,
            -36.8253273
          ],
          [
            -73.0473157,
            -36.8253414
          ],
          [
            -73.0473196,
            -36.8253532
          ],
          [
            -73.0473204,
            -36.8253659
          ],
          [
            -73.0473182,
            -36.8253926
          ]
        ]
      }
    },
    {
      "type": "Feature",
      "properties": {
        "highway": "primary",
        "cycleway_right": "track",
        "name": "Roosevelt",
        "surface": "concrete",
        "oneway": "no",
        "osm_id": 679173504,
        "category": "cycle_track",
        "source": "OpenStreetMap/Overpass"
      },
      "geometry": {
        "type": "LineString",
        "coordinates": [
          [
            -73.0370778,
            -36.825419
          ],
          [
            -73.0369353,
            -36.8249023
          ],
          [
            -73.0369259,
            -36.8248681
          ],
          [
            -73.0369165,
            -36.8248339
          ],
          [
            -73.0368136,
            -36.8244609
          ]
        ]
      }
    },
    {
      "type": "Feature",
      "properties": {
        "highway": "primary",
        "cycleway_right": "track",
        "name": "Roosevelt",
        "surface": "concrete",
        "oneway": "no",
        "osm_id": 679173506,
        "category": "cycle_track",
        "source": "OpenStreetMap/Overpass"
      },
      "geometry": {
        "type": "LineString",
        "coordinates": [
          [
            -73.0361024,
            -36.8219192
          ],
          [
            -73.0359923,
            -36.8215473
          ]
        ]
      }
    },
    {
      "type": "Feature",
      "properties": {
        "highway": "secondary",
        "cycleway_left": "track",
        "name": "Avenida Ignacio Collao",
        "surface": "concrete",
        "oneway": "yes",
        "osm_id": 693992544,
        "category": "cycle_track",
        "source": "OpenStreetMap/Overpass"
      },
      "geometry": {
        "type": "LineString",
        "coordinates": [
          [
            -73.0155613,
            -36.8201048
          ],
          [
            -73.0157945,
            -36.8200642
          ],
          [
            -73.0158542,
            -36.8200514
          ],
          [
            -73.0159669,
            -36.8200191
          ]
        ]
      }
    },
    {
      "type": "Feature",
      "properties": {
        "highway": "secondary",
        "cycleway_left": "track",
        "name": "Avenida Ignacio Collao",
        "surface": "concrete",
        "oneway": "yes",
        "osm_id": 693992545,
        "category": "cycle_track",
        "source": "OpenStreetMap/Overpass"
      },
      "geometry": {
        "type": "LineString",
        "coordinates": [
          [
            -73.0149456,
            -36.8201919
          ],
          [
            -73.0152623,
            -36.8201471
          ],
          [
            -73.0155613,
            -36.8201048
          ]
        ]
      }
    },
    {
      "type": "Feature",
      "properties": {
        "highway": "unclassified",
        "cycleway_both": "shared_lane",
        "name": "Caupolicán",
        "surface": "asphalt",
        "oneway": "yes",
        "osm_id": 809728374,
        "category": "shared_lane",
        "source": "OpenStreetMap/Overpass"
      },
      "geometry": {
        "type": "LineString",
        "coordinates": [
          [
            -73.0517032,
            -36.8259761
          ],
          [
            -73.0518262,
            -36.8258212
          ]
        ]
      }
    },
    {
      "type": "Feature",
      "properties": {
        "highway": "tertiary",
        "cycleway_right": "lane",
        "name": "Manquimávida",
        "surface": "concrete",
        "oneway": "no",
        "osm_id": 813541051,
        "category": "cycle_lane",
        "source": "OpenStreetMap/Overpass"
      },
      "geometry": {
        "type": "LineString",
        "coordinates": [
          [
            -73.0187629,
            -36.9406612
          ],
          [
            -73.0185733,
            -36.9405814
          ]
        ]
      }
    },
    {
      "type": "Feature",
      "properties": {
        "highway": "secondary",
        "cycleway_left": "shared_lane",
        "name": "Tucapel",
        "surface": "concrete",
        "oneway": "yes",
        "osm_id": 849952342,
        "category": "shared_lane",
        "source": "OpenStreetMap/Overpass"
      },
      "geometry": {
        "type": "LineString",
        "coordinates": [
          [
            -73.0455255,
            -36.8257223
          ],
          [
            -73.0455629,
            -36.8256621
          ],
          [
            -73.0456428,
            -36.825535
          ]
        ]
      }
    },
    {
      "type": "Feature",
      "properties": {
        "highway": "primary",
        "cycleway_left": "track",
        "name": "O'Higgins",
        "surface": "concrete",
        "oneway": "yes",
        "osm_id": 849952345,
        "category": "cycle_track",
        "source": "OpenStreetMap/Overpass"
      },
      "geometry": {
        "type": "LineString",
        "coordinates": [
          [
            -73.0480114,
            -36.8268385
          ],
          [
            -73.0481054,
            -36.8268773
          ],
          [
            -73.0483487,
            -36.8269776
          ],
          [
            -73.0490378,
            -36.8272617
          ]
        ]
      }
    },
    {
      "type": "Feature",
      "properties": {
        "highway": "residential",
        "cycleway_left": "track",
        "cycleway_right": "shared_lane",
        "name": "Diagonal Pedro Aguirre Cerda",
        "surface": "paving_stones",
        "oneway": "yes",
        "osm_id": 849953789,
        "category": "cycle_track",
        "source": "OpenStreetMap/Overpass"
      },
      "geometry": {
        "type": "LineString",
        "coordinates": [
          [
            -73.0438265,
            -36.8259758
          ],
          [
            -73.0438366,
            -36.8259737
          ],
          [
            -73.0439682,
            -36.8259479
          ],
          [
            -73.0440298,
            -36.8259344
          ],
          [
            -73.0440938,
            -36.8259133
          ]
        ]
      }
    },
    {
      "type": "Feature",
      "properties": {
        "highway": "residential",
        "cycleway_both": "shared_lane",
        "name": "Diagonal Pedro Aguirre Cerda",
        "surface": "paving_stones",
        "oneway": "yes",
        "osm_id": 849953790,
        "category": "shared_lane",
        "source": "OpenStreetMap/Overpass"
      },
      "geometry": {
        "type": "LineString",
        "coordinates": [
          [
            -73.0432993,
            -36.8260962
          ],
          [
            -73.0438265,
            -36.8259758
          ]
        ]
      }
    },
    {
      "type": "Feature",
      "properties": {
        "highway": "residential",
        "bicycle": "yes",
        "name": "Orompello",
        "surface": "paving_stones",
        "oneway": "yes",
        "osm_id": 849953791,
        "category": "bicycle_access",
        "source": "OpenStreetMap/Overpass"
      },
      "geometry": {
        "type": "LineString",
        "coordinates": [
          [
            -73.0438265,
            -36.8259758
          ],
          [
            -73.0438034,
            -36.8259881
          ],
          [
            -73.0437855,
            -36.8259985
          ],
          [
            -73.0437689,
            -36.8260105
          ],
          [
            -73.0437543,
            -36.8260237
          ],
          [
            -73.0437413,
            -36.8260382
          ],
          [
            -73.0437358,
            -36.8260466
          ],
          [
            -73.0436833,
            -36.8261304
          ],
          [
            -73.0436116,
            -36.8262436
          ]
        ]
      }
    },
    {
      "type": "Feature",
      "properties": {
        "highway": "residential",
        "cycleway_left": "track",
        "name": "Ongolmo",
        "surface": "concrete",
        "oneway": "yes",
        "osm_id": 849959599,
        "category": "cycle_track",
        "source": "OpenStreetMap/Overpass"
      },
      "geometry": {
        "type": "LineString",
        "coordinates": [
          [
            -73.0452351,
            -36.8210777
          ],
          [
            -73.0454128,
            -36.8208002
          ],
          [
            -73.0454343,
            -36.8207637
          ]
        ]
      }
    },
    {
      "type": "Feature",
      "properties": {
        "highway": "secondary",
        "cycleway_right": "track",
        "name": "Avenida Paicaví",
        "surface": "concrete",
        "oneway": "yes",
        "osm_id": 896079934,
        "category": "cycle_track",
        "source": "OpenStreetMap/Overpass"
      },
      "geometry": {
        "type": "LineString",
        "coordinates": [
          [
            -73.0395446,
            -36.8276237
          ],
          [
            -73.0397338,
            -36.8273273
          ],
          [
            -73.0397606,
            -36.8272853
          ],
          [
            -73.0397969,
            -36.8272283
          ]
        ]
      }
    },
    {
      "type": "Feature",
      "properties": {
        "highway": "residential",
        "cycleway_right": "track",
        "name": "Pedro Medina",
        "surface": "concrete",
        "oneway": "yes",
        "osm_id": 899073122,
        "category": "cycle_track",
        "source": "OpenStreetMap/Overpass"
      },
      "geometry": {
        "type": "LineString",
        "coordinates": [
          [
            -73.0245386,
            -36.9267859
          ],
          [
            -73.024503,
            -36.9267356
          ],
          [
            -73.0242228,
            -36.9262877
          ],
          [
            -73.0241757,
            -36.9262124
          ]
        ]
      }
    },
    {
      "type": "Feature",
      "properties": {
        "highway": "tertiary",
        "cycleway_left": "track",
        "name": "Manquimávida",
        "surface": "concrete",
        "oneway": "no",
        "osm_id": 900176328,
        "category": "cycle_track",
        "source": "OpenStreetMap/Overpass"
      },
      "geometry": {
        "type": "LineString",
        "coordinates": [
          [
            -73.0187629,
            -36.9406612
          ],
          [
            -73.0188239,
            -36.9406869
          ]
        ]
      }
    },
    {
      "type": "Feature",
      "properties": {
        "highway": "primary",
        "cycleway_left": "track",
        "name": "O'Higgins Poniente",
        "surface": "concrete",
        "oneway": "yes",
        "osm_id": 981157256,
        "category": "cycle_track",
        "source": "OpenStreetMap/Overpass"
      },
      "geometry": {
        "type": "LineString",
        "coordinates": [
          [
            -73.0590506,
            -36.8314642
          ],
          [
            -73.0591389,
            -36.8315018
          ],
          [
            -73.0594891,
            -36.8316505
          ]
        ]
      }
    },
    {
      "type": "Feature",
      "properties": {
        "highway": "secondary",
        "cycleway_right": "track",
        "name": "Camino Nonguén",
        "surface": "concrete",
        "oneway": "yes",
        "osm_id": 987006704,
        "category": "cycle_track",
        "source": "OpenStreetMap/Overpass"
      },
      "geometry": {
        "type": "LineString",
        "coordinates": [
          [
            -73.00834,
            -36.8193492
          ],
          [
            -73.0083372,
            -36.8193022
          ],
          [
            -73.0083269,
            -36.8192559
          ],
          [
            -73.0083095,
            -36.8192109
          ],
          [
            -73.0082851,
            -36.8191681
          ],
          [
            -73.0082664,
            -36.819143
          ],
          [
            -73.0082485,
            -36.8191219
          ],
          [
            -73.0082393,
            -36.8191122
          ]
        ]
      }
    },
    {
      "type": "Feature",
      "properties": {
        "highway": "secondary",
        "cycleway_right": "lane",
        "name": "Avenida San Pedro",
        "surface": "concrete",
        "oneway": "yes",
        "osm_id": 1020306603,
        "category": "cycle_lane",
        "source": "OpenStreetMap/Overpass"
      },
      "geometry": {
        "type": "LineString",
        "coordinates": [
          [
            -73.1072048,
            -36.8388595
          ],
          [
            -73.1072535,
            -36.8394223
          ],
          [
            -73.1072656,
            -36.8395616
          ],
          [
            -73.10727,
            -36.8396126
          ]
        ]
      }
    },
    {
      "type": "Feature",
      "properties": {
        "highway": "secondary",
        "cycleway_right": "lane",
        "name": "Avenida San Pedro",
        "surface": "concrete",
        "oneway": "yes",
        "osm_id": 1020306605,
        "category": "cycle_lane",
        "source": "OpenStreetMap/Overpass"
      },
      "geometry": {
        "type": "LineString",
        "coordinates": [
          [
            -73.10727,
            -36.8396126
          ],
          [
            -73.1072973,
            -36.8399581
          ]
        ]
      }
    },
    {
      "type": "Feature",
      "properties": {
        "highway": "secondary",
        "cycleway_right": "lane",
        "name": "Avenida San Pedro",
        "surface": "concrete",
        "oneway": "yes",
        "osm_id": 1020306610,
        "category": "cycle_lane",
        "source": "OpenStreetMap/Overpass"
      },
      "geometry": {
        "type": "LineString",
        "coordinates": [
          [
            -73.1071358,
            -36.8396058
          ],
          [
            -73.1071328,
            -36.8395677
          ],
          [
            -73.1071219,
            -36.8394303
          ],
          [
            -73.1070772,
            -36.8388652
          ]
        ]
      }
    },
    {
      "type": "Feature",
      "properties": {
        "highway": "secondary",
        "cycleway_right": "lane",
        "name": "Avenida San Pedro",
        "surface": "concrete",
        "oneway": "yes",
        "osm_id": 1020306611,
        "category": "cycle_lane",
        "source": "OpenStreetMap/Overpass"
      },
      "geometry": {
        "type": "LineString",
        "coordinates": [
          [
            -73.1073036,
            -36.8400375
          ],
          [
            -73.1073092,
            -36.840105
          ],
          [
            -73.1073285,
            -36.8403399
          ],
          [
            -73.1074234,
            -36.8414862
          ]
        ]
      }
    },
    {
      "type": "Feature",
      "properties": {
        "highway": "trunk",
        "cycleway_right": "track",
        "name": "Avenida Pedro Aguirre Cerda",
        "surface": "concrete",
        "oneway": "yes",
        "osm_id": 1020353744,
        "category": "cycle_track",
        "source": "OpenStreetMap/Overpass"
      },
      "geometry": {
        "type": "LineString",
        "coordinates": [
          [
            -73.0776127,
            -36.842831
          ],
          [
            -73.0777133,
            -36.8427875
          ],
          [
            -73.0777931,
            -36.8427563
          ],
          [
            -73.0778943,
            -36.8427152
          ]
        ]
      }
    },
    {
      "type": "Feature",
      "properties": {
        "highway": "primary",
        "cycleway_left": "track",
        "name": "O'Higgins",
        "surface": "concrete",
        "oneway": "yes",
        "osm_id": 1020404426,
        "category": "cycle_track",
        "source": "OpenStreetMap/Overpass"
      },
      "geometry": {
        "type": "LineString",
        "coordinates": [
          [
            -73.0529842,
            -36.8289155
          ],
          [
            -73.0530546,
            -36.8289449
          ],
          [
            -73.0541453,
            -36.8294004
          ],
          [
            -73.0541792,
            -36.8294146
          ],
          [
            -73.0542405,
            -36.8294403
          ]
        ]
      }
    },
    {
      "type": "Feature",
      "properties": {
        "highway": "trunk",
        "cycleway_right": "track",
        "name": "Avenida Pedro Aguirre Cerda",
        "surface": "concrete",
        "osm_id": 1034615066,
        "category": "cycle_track",
        "source": "OpenStreetMap/Overpass"
      },
      "geometry": {
        "type": "LineString",
        "coordinates": [
          [
            -73.0785055,
            -36.842418
          ],
          [
            -73.0786792,
            -36.8423335
          ],
          [
            -73.0788574,
            -36.8422469
          ],
          [
            -73.0793256,
            -36.8420193
          ],
          [
            -73.0794978,
            -36.8419355
          ],
          [
            -73.0796177,
            -36.8418773
          ],
          [
            -73.0798541,
            -36.8417624
          ],
          [
            -73.0798822,
            -36.8417487
          ]
        ]
      }
    },
    {
      "type": "Feature",
      "properties": {
        "highway": "secondary",
        "cycleway_right": "track",
        "name": "Camino Nonguén",
        "surface": "concrete",
        "oneway": "yes",
        "osm_id": 1038914009,
        "category": "cycle_track",
        "source": "OpenStreetMap/Overpass"
      },
      "geometry": {
        "type": "LineString",
        "coordinates": [
          [
            -73.0084816,
            -36.8190293
          ],
          [
            -73.0084639,
            -36.8190538
          ],
          [
            -73.0084292,
            -36.8191041
          ],
          [
            -73.0083883,
            -36.819183
          ],
          [
            -73.0083584,
            -36.819265
          ],
          [
            -73.00834,
            -36.8193492
          ]
        ]
      }
    },
    {
      "type": "Feature",
      "properties": {
        "highway": "secondary",
        "cycleway": "track",
        "name": "Camino Nonguén",
        "surface": "concrete",
        "oneway": "no",
        "osm_id": 1038914010,
        "category": "cycle_track",
        "source": "OpenStreetMap/Overpass"
      },
      "geometry": {
        "type": "LineString",
        "coordinates": [
          [
            -73.0080999,
            -36.8212151
          ],
          [
            -73.00834,
            -36.8193492
          ]
        ]
      }
    },
    {
      "type": "Feature",
      "properties": {
        "highway": "trunk",
        "cycleway_right": "track",
        "name": "Avenida Pedro Aguirre Cerda",
        "surface": "concrete",
        "osm_id": 1052330897,
        "category": "cycle_track",
        "source": "OpenStreetMap/Overpass"
      },
      "geometry": {
        "type": "LineString",
        "coordinates": [
          [
            -73.0781967,
            -36.8425682
          ],
          [
            -73.0785055,
            -36.842418
          ]
        ]
      }
    },
    {
      "type": "Feature",
      "properties": {
        "highway": "trunk",
        "cycleway_right": "track",
        "name": "Avenida Pedro Aguirre Cerda",
        "surface": "concrete",
        "osm_id": 1052330898,
        "category": "cycle_track",
        "source": "OpenStreetMap/Overpass"
      },
      "geometry": {
        "type": "LineString",
        "coordinates": [
          [
            -73.0778943,
            -36.8427152
          ],
          [
            -73.0781967,
            -36.8425682
          ]
        ]
      }
    },
    {
      "type": "Feature",
      "properties": {
        "highway": "secondary",
        "cycleway_right": "track",
        "name": "Camino Nonguén",
        "surface": "concrete",
        "oneway": "no",
        "osm_id": 1058657377,
        "category": "cycle_track",
        "source": "OpenStreetMap/Overpass"
      },
      "geometry": {
        "type": "LineString",
        "coordinates": [
          [
            -73.0081381,
            -36.82179
          ],
          [
            -73.0081441,
            -36.8218158
          ],
          [
            -73.0081534,
            -36.8218524
          ],
          [
            -73.0081891,
            -36.8219156
          ],
          [
            -73.0082161,
            -36.8219549
          ],
          [
            -73.0082548,
            -36.8220042
          ]
        ]
      }
    },
    {
      "type": "Feature",
      "properties": {
        "highway": "secondary",
        "cycleway_right": "track",
        "name": "Avenida Alto Horno",
        "surface": "concrete",
        "oneway": "yes",
        "osm_id": 1062169624,
        "category": "cycle_track",
        "source": "OpenStreetMap/Overpass"
      },
      "geometry": {
        "type": "LineString",
        "coordinates": [
          [
            -73.10766,
            -36.7414089
          ],
          [
            -73.1072182,
            -36.7420506
          ],
          [
            -73.1067874,
            -36.7426717
          ]
        ]
      }
    },
    {
      "type": "Feature",
      "properties": {
        "highway": "unclassified",
        "cycleway_both": "shared_lane",
        "name": "Caupolicán",
        "surface": "paving_stones",
        "oneway": "yes",
        "osm_id": 1062853851,
        "category": "shared_lane",
        "source": "OpenStreetMap/Overpass"
      },
      "geometry": {
        "type": "LineString",
        "coordinates": [
          [
            -73.0505074,
            -36.8278785
          ],
          [
            -73.050559,
            -36.8277984
          ],
          [
            -73.0506917,
            -36.8275917
          ]
        ]
      }
    },
    {
      "type": "Feature",
      "properties": {
        "highway": "primary",
        "cycleway_right": "track",
        "name": "Avenida San Juan Bosco",
        "surface": "concrete",
        "oneway": "yes",
        "osm_id": 1065363571,
        "category": "cycle_track",
        "source": "OpenStreetMap/Overpass"
      },
      "geometry": {
        "type": "LineString",
        "coordinates": [
          [
            -73.0329642,
            -36.8169904
          ],
          [
            -73.0327264,
            -36.8167337
          ],
          [
            -73.0326857,
            -36.8166899
          ]
        ]
      }
    },
    {
      "type": "Feature",
      "properties": {
        "highway": "secondary",
        "cycleway_right": "lane",
        "name": "Avenida Laguna Grande",
        "surface": "asphalt",
        "oneway": "yes",
        "osm_id": 1067491460,
        "category": "cycle_lane",
        "source": "OpenStreetMap/Overpass"
      },
      "geometry": {
        "type": "LineString",
        "coordinates": [
          [
            -73.1199501,
            -36.8389806
          ],
          [
            -73.119961,
            -36.8391074
          ],
          [
            -73.1199688,
            -36.8392344
          ],
          [
            -73.1199749,
            -36.8394641
          ]
        ]
      }
    },
    {
      "type": "Feature",
      "properties": {
        "highway": "secondary",
        "cycleway_right": "lane",
        "name": "Avenida Laguna Grande",
        "surface": "asphalt",
        "oneway": "yes",
        "osm_id": 1067491461,
        "category": "cycle_lane",
        "source": "OpenStreetMap/Overpass"
      },
      "geometry": {
        "type": "LineString",
        "coordinates": [
          [
            -73.1198207,
            -36.8377264
          ],
          [
            -73.119821,
            -36.837743
          ],
          [
            -73.1198331,
            -36.8378696
          ],
          [
            -73.1198718,
            -36.8382366
          ],
          [
            -73.1198867,
            -36.8383881
          ],
          [
            -73.1199096,
            -36.8385959
          ]
        ]
      }
    },
    {
      "type": "Feature",
      "properties": {
        "highway": "secondary",
        "cycleway_right": "lane",
        "name": "Avenida Laguna Grande",
        "surface": "asphalt",
        "oneway": "yes",
        "osm_id": 1067491462,
        "category": "cycle_lane",
        "source": "OpenStreetMap/Overpass"
      },
      "geometry": {
        "type": "LineString",
        "coordinates": [
          [
            -73.1198569,
            -36.8390635
          ],
          [
            -73.1198441,
            -36.8389258
          ],
          [
            -73.1198146,
            -36.8386656
          ]
        ]
      }
    },
    {
      "type": "Feature",
      "properties": {
        "highway": "secondary",
        "cycleway_right": "lane",
        "name": "Avenida Laguna Grande",
        "surface": "asphalt",
        "oneway": "yes",
        "osm_id": 1067491463,
        "category": "cycle_lane",
        "source": "OpenStreetMap/Overpass"
      },
      "geometry": {
        "type": "LineString",
        "coordinates": [
          [
            -73.1197751,
            -36.8382947
          ],
          [
            -73.119767,
            -36.8382008
          ],
          [
            -73.119765,
            -36.8381133
          ],
          [
            -73.1197677,
            -36.8380275
          ],
          [
            -73.1197677,
            -36.837962
          ],
          [
            -73.119762,
            -36.8378735
          ],
          [
            -73.1197495,
            -36.8377187
          ]
        ]
      }
    },
    {
      "type": "Feature",
      "properties": {
        "highway": "living_street",
        "cycleway": "shared_lane",
        "name": "Avenida Laguna Grande",
        "surface": "paved",
        "oneway": "no",
        "osm_id": 1067765396,
        "category": "shared_lane",
        "source": "OpenStreetMap/Overpass"
      },
      "geometry": {
        "type": "LineString",
        "coordinates": [
          [
            -73.1196503,
            -36.8413166
          ],
          [
            -73.1196852,
            -36.8412265
          ],
          [
            -73.1197033,
            -36.8411562
          ],
          [
            -73.1197184,
            -36.8410957
          ],
          [
            -73.1197258,
            -36.8410402
          ],
          [
            -73.119732,
            -36.8409677
          ],
          [
            -73.1197342,
            -36.8408954
          ],
          [
            -73.1197295,
            -36.8408138
          ],
          [
            -73.1197174,
            -36.8407198
          ]
        ]
      }
    },
    {
      "type": "Feature",
      "properties": {
        "highway": "primary",
        "cycleway_right": "track",
        "name": "Avenida San Juan Bosco",
        "surface": "concrete",
        "oneway": "yes",
        "osm_id": 1079933498,
        "category": "cycle_track",
        "source": "OpenStreetMap/Overpass"
      },
      "geometry": {
        "type": "LineString",
        "coordinates": [
          [
            -73.0332255,
            -36.8172768
          ],
          [
            -73.0329642,
            -36.8169904
          ]
        ]
      }
    },
    {
      "type": "Feature",
      "properties": {
        "highway": "primary",
        "cycleway_right": "track",
        "name": "Avenida San Juan Bosco",
        "surface": "concrete",
        "oneway": "yes",
        "osm_id": 1079933501,
        "category": "cycle_track",
        "source": "OpenStreetMap/Overpass"
      },
      "geometry": {
        "type": "LineString",
        "coordinates": [
          [
            -73.0341942,
            -36.818343
          ],
          [
            -73.0339752,
            -36.8181053
          ]
        ]
      }
    },
    {
      "type": "Feature",
      "properties": {
        "highway": "primary",
        "cycleway_right": "track",
        "name": "Avenida San Juan Bosco",
        "surface": "concrete",
        "oneway": "yes",
        "osm_id": 1079933502,
        "category": "cycle_track",
        "source": "OpenStreetMap/Overpass"
      },
      "geometry": {
        "type": "LineString",
        "coordinates": [
          [
            -73.0347671,
            -36.8189676
          ],
          [
            -73.034621,
            -36.818799
          ],
          [
            -73.0345585,
            -36.8187309
          ]
        ]
      }
    },
    {
      "type": "Feature",
      "properties": {
        "highway": "secondary",
        "bicycle": "yes",
        "name": "San Martín",
        "surface": "concrete",
        "oneway": "yes",
        "osm_id": 1081030059,
        "category": "bicycle_access",
        "source": "OpenStreetMap/Overpass"
      },
      "geometry": {
        "type": "LineString",
        "coordinates": [
          [
            -73.0436116,
            -36.8262436
          ],
          [
            -73.0434714,
            -36.8261774
          ],
          [
            -73.0432993,
            -36.8260962
          ]
        ]
      }
    },
    {
      "type": "Feature",
      "properties": {
        "highway": "residential",
        "cycleway_both": "shared_lane",
        "name": "Diagonal Pedro Aguirre Cerda",
        "surface": "concrete",
        "oneway": "no",
        "osm_id": 1081030060,
        "category": "shared_lane",
        "source": "OpenStreetMap/Overpass"
      },
      "geometry": {
        "type": "LineString",
        "coordinates": [
          [
            -73.0430634,
            -36.8261475
          ],
          [
            -73.0432235,
            -36.8261127
          ],
          [
            -73.0432993,
            -36.8260962
          ]
        ]
      }
    },
    {
      "type": "Feature",
      "properties": {
        "highway": "tertiary",
        "cycleway_right": "track",
        "name": "Barros Arana",
        "surface": "asphalt",
        "oneway": "yes",
        "osm_id": 1085486324,
        "category": "cycle_track",
        "source": "OpenStreetMap/Overpass"
      },
      "geometry": {
        "type": "LineString",
        "coordinates": [
          [
            -73.039838,
            -36.8220985
          ],
          [
            -73.03979,
            -36.822078
          ],
          [
            -73.0397423,
            -36.8220581
          ],
          [
            -73.0385959,
            -36.8215813
          ],
          [
            -73.0385468,
            -36.8215607
          ]
        ]
      }
    },
    {
      "type": "Feature",
      "properties": {
        "highway": "residential",
        "cycleway_right": "track",
        "name": "Ongolmo",
        "surface": "asphalt",
        "oneway": "yes",
        "osm_id": 1085514103,
        "category": "cycle_track",
        "source": "OpenStreetMap/Overpass"
      },
      "geometry": {
        "type": "LineString",
        "coordinates": [
          [
            -73.0476318,
            -36.8172076
          ],
          [
            -73.0474372,
            -36.8175134
          ],
          [
            -73.0474111,
            -36.8175672
          ]
        ]
      }
    },
    {
      "type": "Feature",
      "properties": {
        "highway": "tertiary",
        "cycleway_right": "track",
        "name": "Barros Arana",
        "surface": "asphalt",
        "oneway": "yes",
        "osm_id": 1085753795,
        "category": "cycle_track",
        "source": "OpenStreetMap/Overpass"
      },
      "geometry": {
        "type": "LineString",
        "coordinates": [
          [
            -73.0385468,
            -36.8215607
          ],
          [
            -73.0384842,
            -36.8215347
          ],
          [
            -73.0381725,
            -36.8214047
          ],
          [
            -73.037341,
            -36.8210579
          ],
          [
            -73.0372759,
            -36.821031
          ]
        ]
      }
    },
    {
      "type": "Feature",
      "properties": {
        "highway": "primary",
        "cycleway_right": "track",
        "name": "Roosevelt",
        "surface": "concrete",
        "oneway": "no",
        "osm_id": 1088351735,
        "category": "cycle_track",
        "source": "OpenStreetMap/Overpass"
      },
      "geometry": {
        "type": "LineString",
        "coordinates": [
          [
            -73.0368136,
            -36.8244609
          ],
          [
            -73.0366306,
            -36.8238157
          ],
          [
            -73.0366067,
            -36.8237315
          ]
        ]
      }
    },
    {
      "type": "Feature",
      "properties": {
        "highway": "primary",
        "cycleway_right": "track",
        "name": "Roosevelt",
        "surface": "concrete",
        "oneway": "no",
        "osm_id": 1093041265,
        "category": "cycle_track",
        "source": "OpenStreetMap/Overpass"
      },
      "geometry": {
        "type": "LineString",
        "coordinates": [
          [
            -73.0363556,
            -36.8228281
          ],
          [
            -73.0361973,
            -36.8222485
          ]
        ]
      }
    },
    {
      "type": "Feature",
      "properties": {
        "highway": "secondary",
        "cycleway_right": "track",
        "name": "Avenida Paicaví",
        "surface": "concrete",
        "oneway": "yes",
        "osm_id": 1093041269,
        "category": "cycle_track",
        "source": "OpenStreetMap/Overpass"
      },
      "geometry": {
        "type": "LineString",
        "coordinates": [
          [
            -73.0393301,
            -36.8279597
          ],
          [
            -73.0395446,
            -36.8276237
          ]
        ]
      }
    },
    {
      "type": "Feature",
      "properties": {
        "highway": "secondary",
        "cycleway_right": "track",
        "name": "Camino Nonguén",
        "surface": "concrete",
        "oneway": "yes",
        "osm_id": 1104442068,
        "category": "cycle_track",
        "source": "OpenStreetMap/Overpass"
      },
      "geometry": {
        "type": "LineString",
        "coordinates": [
          [
            -73.0080839,
            -36.8216687
          ],
          [
            -73.0080689,
            -36.8216345
          ],
          [
            -73.008059,
            -36.8215919
          ],
          [
            -73.0080617,
            -36.8215554
          ],
          [
            -73.0080698,
            -36.8213772
          ],
          [
            -73.0080745,
            -36.8213139
          ],
          [
            -73.0080845,
            -36.821264
          ],
          [
            -73.0080999,
            -36.8212151
          ]
        ]
      }
    },
    {
      "type": "Feature",
      "properties": {
        "highway": "trunk",
        "cycleway_left": "lane",
        "name": "Avenida Pedro Aguirre Cerda",
        "surface": "concrete",
        "oneway": "no",
        "osm_id": 1161244097,
        "category": "cycle_lane",
        "source": "OpenStreetMap/Overpass"
      },
      "geometry": {
        "type": "LineString",
        "coordinates": [
          [
            -73.0892534,
            -36.8390668
          ],
          [
            -73.0893268,
            -36.8390625
          ],
          [
            -73.0893979,
            -36.8390584
          ]
        ]
      }
    },
    {
      "type": "Feature",
      "properties": {
        "highway": "residential",
        "cycleway_left": "track",
        "name": "Ongolmo",
        "surface": "paving_stones",
        "oneway": "yes",
        "osm_id": 1190918305,
        "category": "cycle_track",
        "source": "OpenStreetMap/Overpass"
      },
      "geometry": {
        "type": "LineString",
        "coordinates": [
          [
            -73.0421807,
            -36.8263393
          ],
          [
            -73.0421532,
            -36.8262586
          ]
        ]
      }
    },
    {
      "type": "Feature",
      "properties": {
        "highway": "living_street",
        "cycleway_both": "shared_lane",
        "name": "Barros Arana",
        "surface": "paving_stones",
        "oneway": "yes",
        "osm_id": 1190918307,
        "category": "shared_lane",
        "source": "OpenStreetMap/Overpass"
      },
      "geometry": {
        "type": "LineString",
        "coordinates": [
          [
            -73.0524219,
            -36.8273457
          ],
          [
            -73.0523023,
            -36.8272955
          ],
          [
            -73.052031,
            -36.8271828
          ],
          [
            -73.0513915,
            -36.8269236
          ]
        ]
      }
    },
    {
      "type": "Feature",
      "properties": {
        "highway": "living_street",
        "cycleway_both": "shared_lane",
        "name": "Barros Arana",
        "surface": "paving_stones",
        "oneway": "yes",
        "osm_id": 1190918308,
        "category": "shared_lane",
        "source": "OpenStreetMap/Overpass"
      },
      "geometry": {
        "type": "LineString",
        "coordinates": [
          [
            -73.0511622,
            -36.8268567
          ],
          [
            -73.0511103,
            -36.8268366
          ],
          [
            -73.051031,
            -36.826806
          ],
          [
            -73.0510158,
            -36.8268011
          ],
          [
            -73.0510025,
            -36.8267984
          ],
          [
            -73.0508941,
            -36.8267766
          ],
          [
            -73.0508773,
            -36.8267737
          ],
          [
            -73.0508632,
            -36.8267706
          ],
          [
            -73.0508484,
            -36.8267666
          ]
        ]
      }
    },
    {
      "type": "Feature",
      "properties": {
        "highway": "unclassified",
        "cycleway_both": "shared_lane",
        "name": "Caupolicán",
        "surface": "paving_stones",
        "oneway": "yes",
        "osm_id": 1190918309,
        "category": "shared_lane",
        "source": "OpenStreetMap/Overpass"
      },
      "geometry": {
        "type": "LineString",
        "coordinates": [
          [
            -73.0511622,
            -36.8268567
          ],
          [
            -73.0511897,
            -36.8268144
          ],
          [
            -73.0512379,
            -36.82674
          ],
          [
            -73.0512537,
            -36.8267191
          ],
          [
            -73.0512845,
            -36.8266821
          ]
        ]
      }
    },
    {
      "type": "Feature",
      "properties": {
        "highway": "unclassified",
        "cycleway_both": "shared_lane",
        "name": "Caupolicán",
        "surface": "paving_stones",
        "oneway": "yes",
        "osm_id": 1190918310,
        "category": "shared_lane",
        "source": "OpenStreetMap/Overpass"
      },
      "geometry": {
        "type": "LineString",
        "coordinates": [
          [
            -73.0506917,
            -36.8275917
          ],
          [
            -73.0507263,
            -36.8275372
          ],
          [
            -73.0509927,
            -36.8271183
          ]
        ]
      }
    },
    {
      "type": "Feature",
      "properties": {
        "highway": "living_street",
        "cycleway_both": "shared_lane",
        "name": "Barros Arana",
        "surface": "paving_stones",
        "oneway": "yes",
        "osm_id": 1190918312,
        "category": "shared_lane",
        "source": "OpenStreetMap/Overpass"
      },
      "geometry": {
        "type": "LineString",
        "coordinates": [
          [
            -73.0526324,
            -36.8274329
          ],
          [
            -73.0524993,
            -36.827379
          ],
          [
            -73.0524219,
            -36.8273457
          ]
        ]
      }
    },
    {
      "type": "Feature",
      "properties": {
        "highway": "living_street",
        "cycleway_both": "shared_lane",
        "name": "Barros Arana",
        "surface": "paving_stones",
        "oneway": "yes",
        "osm_id": 1190918313,
        "category": "shared_lane",
        "source": "OpenStreetMap/Overpass"
      },
      "geometry": {
        "type": "LineString",
        "coordinates": [
          [
            -73.0539594,
            -36.8279839
          ],
          [
            -73.0537766,
            -36.8279075
          ],
          [
            -73.0536547,
            -36.8278583
          ]
        ]
      }
    },
    {
      "type": "Feature",
      "properties": {
        "highway": "living_street",
        "cycleway_both": "shared_lane",
        "name": "Barros Arana",
        "surface": "paving_stones",
        "oneway": "yes",
        "osm_id": 1190918314,
        "category": "shared_lane",
        "source": "OpenStreetMap/Overpass"
      },
      "geometry": {
        "type": "LineString",
        "coordinates": [
          [
            -73.0561653,
            -36.8289005
          ],
          [
            -73.0560513,
            -36.828853
          ],
          [
            -73.0551778,
            -36.82849
          ]
        ]
      }
    },
    {
      "type": "Feature",
      "properties": {
        "highway": "living_street",
        "cycleway_both": "shared_lane",
        "name": "Barros Arana",
        "surface": "paving_stones",
        "oneway": "yes",
        "osm_id": 1190918315,
        "category": "shared_lane",
        "source": "OpenStreetMap/Overpass"
      },
      "geometry": {
        "type": "LineString",
        "coordinates": [
          [
            -73.0564394,
            -36.8290143
          ],
          [
            -73.056248,
            -36.8289347
          ],
          [
            -73.0561653,
            -36.8289005
          ]
        ]
      }
    },
    {
      "type": "Feature",
      "properties": {
        "highway": "living_street",
        "cycleway_both": "shared_lane",
        "name": "Barros Arana",
        "surface": "paving_stones",
        "oneway": "yes",
        "osm_id": 1190918316,
        "category": "shared_lane",
        "source": "OpenStreetMap/Overpass"
      },
      "geometry": {
        "type": "LineString",
        "coordinates": [
          [
            -73.0574373,
            -36.8294306
          ],
          [
            -73.0573201,
            -36.8293815
          ],
          [
            -73.0564394,
            -36.8290143
          ]
        ]
      }
    },
    {
      "type": "Feature",
      "properties": {
        "highway": "living_street",
        "cycleway_both": "shared_lane",
        "name": "Barros Arana",
        "surface": "paving_stones",
        "oneway": "yes",
        "osm_id": 1190918317,
        "category": "shared_lane",
        "source": "OpenStreetMap/Overpass"
      },
      "geometry": {
        "type": "LineString",
        "coordinates": [
          [
            -73.0577156,
            -36.8295466
          ],
          [
            -73.0574852,
            -36.8294504
          ],
          [
            -73.0574373,
            -36.8294306
          ]
        ]
      }
    },
    {
      "type": "Feature",
      "properties": {
        "highway": "living_street",
        "cycleway_both": "shared_lane",
        "name": "Barros Arana",
        "surface": "paving_stones",
        "oneway": "yes",
        "osm_id": 1190918318,
        "category": "shared_lane",
        "source": "OpenStreetMap/Overpass"
      },
      "geometry": {
        "type": "LineString",
        "coordinates": [
          [
            -73.0551778,
            -36.82849
          ],
          [
            -73.0550047,
            -36.8284177
          ],
          [
            -73.0549156,
            -36.8283794
          ]
        ]
      }
    },
    {
      "type": "Feature",
      "properties": {
        "highway": "residential",
        "cycleway_left": "shared_lane",
        "cycleway_right": "track",
        "name": "Barros Arana",
        "surface": "concrete",
        "oneway": "yes",
        "osm_id": 1196696333,
        "category": "cycle_track",
        "source": "OpenStreetMap/Overpass"
      },
      "geometry": {
        "type": "LineString",
        "coordinates": [
          [
            -73.0461523,
            -36.8247208
          ],
          [
            -73.045774,
            -36.8245631
          ],
          [
            -73.0448796,
            -36.8241985
          ]
        ]
      }
    },
    {
      "type": "Feature",
      "properties": {
        "highway": "secondary",
        "cycleway_right": "track",
        "name": "Camino Nonguén",
        "surface": "concrete",
        "oneway": "yes",
        "osm_id": 1197951034,
        "category": "cycle_track",
        "source": "OpenStreetMap/Overpass"
      },
      "geometry": {
        "type": "LineString",
        "coordinates": [
          [
            -73.0081348,
            -36.8216655
          ],
          [
            -73.0081274,
            -36.8217288
          ]
        ]
      }
    },
    {
      "type": "Feature",
      "properties": {
        "highway": "secondary",
        "cycleway_right": "track",
        "name": "Camino Nonguén",
        "surface": "concrete",
        "oneway": "yes",
        "osm_id": 1197951040,
        "category": "cycle_track",
        "source": "OpenStreetMap/Overpass"
      },
      "geometry": {
        "type": "LineString",
        "coordinates": [
          [
            -73.0081274,
            -36.8217288
          ],
          [
            -73.008101,
            -36.8216957
          ],
          [
            -73.0080839,
            -36.8216687
          ]
        ]
      }
    },
    {
      "type": "Feature",
      "properties": {
        "highway": "secondary",
        "cycleway_right": "track",
        "name": "Camino Nonguén",
        "surface": "concrete",
        "oneway": "yes",
        "osm_id": 1197951041,
        "category": "cycle_track",
        "source": "OpenStreetMap/Overpass"
      },
      "geometry": {
        "type": "LineString",
        "coordinates": [
          [
            -73.0080999,
            -36.8212151
          ],
          [
            -73.0081194,
            -36.8213192
          ],
          [
            -73.0081268,
            -36.8213885
          ],
          [
            -73.0081379,
            -36.8215663
          ],
          [
            -73.0081395,
            -36.8215914
          ],
          [
            -73.0081376,
            -36.8216213
          ],
          [
            -73.0081348,
            -36.8216655
          ]
        ]
      }
    },
    {
      "type": "Feature",
      "properties": {
        "highway": "primary",
        "cycleway_right": "track",
        "name": "Roosevelt",
        "surface": "concrete",
        "oneway": "yes",
        "osm_id": 1200020739,
        "category": "cycle_track",
        "source": "OpenStreetMap/Overpass"
      },
      "geometry": {
        "type": "LineString",
        "coordinates": [
          [
            -73.0371661,
            -36.82593
          ],
          [
            -73.0371429,
            -36.8258297
          ],
          [
            -73.0371087,
            -36.8256901
          ],
          [
            -73.0370953,
            -36.8255823
          ],
          [
            -73.0370778,
            -36.825419
          ]
        ]
      }
    },
    {
      "type": "Feature",
      "properties": {
        "highway": "tertiary",
        "cycleway_right": "lane",
        "name": "Cochrane Poniente",
        "surface": "concrete",
        "oneway": "yes",
        "osm_id": 1200044965,
        "category": "cycle_lane",
        "source": "OpenStreetMap/Overpass"
      },
      "geometry": {
        "type": "LineString",
        "coordinates": [
          [
            -73.0569273,
            -36.8330919
          ],
          [
            -73.0569601,
            -36.8331063
          ],
          [
            -73.0576608,
            -36.8334137
          ]
        ]
      }
    },
    {
      "type": "Feature",
      "properties": {
        "highway": "primary",
        "cycleway_left": "track",
        "name": "O'Higgins",
        "surface": "concrete",
        "oneway": "yes",
        "osm_id": 1200158720,
        "category": "cycle_track",
        "source": "OpenStreetMap/Overpass"
      },
      "geometry": {
        "type": "LineString",
        "coordinates": [
          [
            -73.0490378,
            -36.8272617
          ],
          [
            -73.0492006,
            -36.8273342
          ],
          [
            -73.0492606,
            -36.8273609
          ]
        ]
      }
    },
    {
      "type": "Feature",
      "properties": {
        "highway": "living_street",
        "cycleway_both": "shared_lane",
        "name": "Aníbal Pinto",
        "surface": "paving_stones",
        "oneway": "yes",
        "osm_id": 1200997351,
        "category": "shared_lane",
        "source": "OpenStreetMap/Overpass"
      },
      "geometry": {
        "type": "LineString",
        "coordinates": [
          [
            -73.049749,
            -36.8266694
          ],
          [
            -73.0494573,
            -36.8271241
          ]
        ]
      }
    },
    {
      "type": "Feature",
      "properties": {
        "highway": "secondary",
        "cycleway_right": "track",
        "name": "Avenida Curanilahue",
        "surface": "concrete",
        "oneway": "yes",
        "osm_id": 1201231989,
        "category": "cycle_track",
        "source": "OpenStreetMap/Overpass"
      },
      "geometry": {
        "type": "LineString",
        "coordinates": [
          [
            -73.0889974,
            -36.7901393
          ],
          [
            -73.08887,
            -36.790139
          ],
          [
            -73.0879455,
            -36.7901355
          ],
          [
            -73.0874643,
            -36.7901336
          ],
          [
            -73.0873351,
            -36.7901335
          ]
        ]
      }
    },
    {
      "type": "Feature",
      "properties": {
        "highway": "unclassified",
        "cycleway_both": "shared_lane",
        "name": "Castellón",
        "surface": "paving_stones",
        "oneway": "yes",
        "osm_id": 1201589205,
        "category": "shared_lane",
        "source": "OpenStreetMap/Overpass"
      },
      "geometry": {
        "type": "LineString",
        "coordinates": [
          [
            -73.0475623,
            -36.8250073
          ],
          [
            -73.0474644,
            -36.8251628
          ],
          [
            -73.0474366,
            -36.8252067
          ],
          [
            -73.0474028,
            -36.82526
          ]
        ]
      }
    },
    {
      "type": "Feature",
      "properties": {
        "highway": "residential",
        "cycleway_right": "track",
        "name": "Barros Arana",
        "surface": "concrete",
        "oneway": "yes",
        "osm_id": 1201589207,
        "category": "cycle_track",
        "source": "OpenStreetMap/Overpass"
      },
      "geometry": {
        "type": "LineString",
        "coordinates": [
          [
            -73.0447332,
            -36.824139
          ],
          [
            -73.044052,
            -36.8238619
          ],
          [
            -73.0436689,
            -36.8237061
          ],
          [
            -73.0436015,
            -36.8236787
          ]
        ]
      }
    },
    {
      "type": "Feature",
      "properties": {
        "highway": "primary_link",
        "cycleway_right": "track",
        "surface": "concrete",
        "oneway": "yes",
        "osm_id": 1201589208,
        "name": "Sin nombre",
        "category": "cycle_track",
        "source": "OpenStreetMap/Overpass"
      },
      "geometry": {
        "type": "LineString",
        "coordinates": [
          [
            -73.0362457,
            -36.8206005
          ],
          [
            -73.0362082,
            -36.8205865
          ],
          [
            -73.036157,
            -36.820571
          ],
          [
            -73.0361241,
            -36.8205666
          ],
          [
            -73.0361002,
            -36.8205667
          ]
        ]
      }
    },
    {
      "type": "Feature",
      "properties": {
        "highway": "tertiary",
        "cycleway_right": "track",
        "name": "Barros Arana",
        "surface": "concrete",
        "oneway": "yes",
        "osm_id": 1201589209,
        "category": "cycle_track",
        "source": "OpenStreetMap/Overpass"
      },
      "geometry": {
        "type": "LineString",
        "coordinates": [
          [
            -73.0361217,
            -36.8204663
          ],
          [
            -73.0360647,
            -36.8203928
          ]
        ]
      }
    },
    {
      "type": "Feature",
      "properties": {
        "highway": "residential",
        "cycleway_left": "shared_lane",
        "cycleway_right": "track",
        "name": "Barros Arana",
        "surface": "concrete",
        "oneway": "yes",
        "osm_id": 1201596438,
        "category": "cycle_track",
        "source": "OpenStreetMap/Overpass"
      },
      "geometry": {
        "type": "LineString",
        "coordinates": [
          [
            -73.0448796,
            -36.8241985
          ],
          [
            -73.0447332,
            -36.824139
          ]
        ]
      }
    },
    {
      "type": "Feature",
      "properties": {
        "highway": "secondary",
        "cycleway_right": "lane",
        "name": "Avenida Laguna Grande",
        "surface": "asphalt",
        "oneway": "yes",
        "osm_id": 1201847264,
        "category": "cycle_lane",
        "source": "OpenStreetMap/Overpass"
      },
      "geometry": {
        "type": "LineString",
        "coordinates": [
          [
            -73.1198146,
            -36.8386656
          ],
          [
            -73.1197912,
            -36.8384549
          ],
          [
            -73.1197751,
            -36.8382947
          ]
        ]
      }
    },
    {
      "type": "Feature",
      "properties": {
        "highway": "secondary",
        "cycleway_right": "lane",
        "name": "Avenida Laguna Grande",
        "surface": "asphalt",
        "oneway": "yes",
        "osm_id": 1201847265,
        "category": "cycle_lane",
        "source": "OpenStreetMap/Overpass"
      },
      "geometry": {
        "type": "LineString",
        "coordinates": [
          [
            -73.1199096,
            -36.8385959
          ],
          [
            -73.1199501,
            -36.8389806
          ]
        ]
      }
    },
    {
      "type": "Feature",
      "properties": {
        "highway": "secondary",
        "cycleway_right": "lane",
        "name": "Avenida Laguna Grande",
        "surface": "asphalt",
        "oneway": "yes",
        "osm_id": 1201847266,
        "category": "cycle_lane",
        "source": "OpenStreetMap/Overpass"
      },
      "geometry": {
        "type": "LineString",
        "coordinates": [
          [
            -73.1198716,
            -36.8395323
          ],
          [
            -73.1198725,
            -36.8393744
          ],
          [
            -73.1198676,
            -36.8392166
          ],
          [
            -73.1198569,
            -36.8390635
          ]
        ]
      }
    },
    {
      "type": "Feature",
      "properties": {
        "highway": "secondary",
        "cycleway_right": "lane",
        "name": "Avenida Laguna Grande",
        "surface": "asphalt",
        "oneway": "yes",
        "osm_id": 1201847270,
        "category": "cycle_lane",
        "source": "OpenStreetMap/Overpass"
      },
      "geometry": {
        "type": "LineString",
        "coordinates": [
          [
            -73.1196827,
            -36.8403831
          ],
          [
            -73.1197295,
            -36.8403362
          ],
          [
            -73.119758,
            -36.8403006
          ],
          [
            -73.1197811,
            -36.8402626
          ],
          [
            -73.1198015,
            -36.8402143
          ],
          [
            -73.1198132,
            -36.8401641
          ],
          [
            -73.11983,
            -36.8400539
          ],
          [
            -73.1198542,
            -36.8398435
          ],
          [
            -73.1198655,
            -36.8396821
          ],
          [
            -73.1198716,
            -36.8395323
          ]
        ]
      }
    },
    {
      "type": "Feature",
      "properties": {
        "highway": "tertiary",
        "cycleway_right": "lane",
        "name": "Avenida Las Torres",
        "surface": "concrete",
        "oneway": "no",
        "osm_id": 1205391082,
        "category": "cycle_lane",
        "source": "OpenStreetMap/Overpass"
      },
      "geometry": {
        "type": "LineString",
        "coordinates": [
          [
            -73.1296503,
            -36.8266837
          ],
          [
            -73.1296069,
            -36.8267229
          ],
          [
            -73.1295587,
            -36.8267584
          ],
          [
            -73.1295062,
            -36.8267897
          ]
        ]
      }
    },
    {
      "type": "Feature",
      "properties": {
        "highway": "secondary",
        "cycleway_right": "lane",
        "name": "Avenida San Pedro",
        "surface": "concrete",
        "oneway": "yes",
        "osm_id": 1215178599,
        "category": "cycle_lane",
        "source": "OpenStreetMap/Overpass"
      },
      "geometry": {
        "type": "LineString",
        "coordinates": [
          [
            -73.1072973,
            -36.8399581
          ],
          [
            -73.1073036,
            -36.8400375
          ]
        ]
      }
    },
    {
      "type": "Feature",
      "properties": {
        "highway": "secondary",
        "cycleway_right": "lane",
        "name": "Avenida San Pedro",
        "surface": "concrete",
        "oneway": "yes",
        "osm_id": 1215178600,
        "category": "cycle_lane",
        "source": "OpenStreetMap/Overpass"
      },
      "geometry": {
        "type": "LineString",
        "coordinates": [
          [
            -73.1071637,
            -36.8399591
          ],
          [
            -73.1071358,
            -36.8396058
          ]
        ]
      }
    },
    {
      "type": "Feature",
      "properties": {
        "highway": "secondary",
        "cycleway_right": "lane",
        "name": "Avenida San Pedro",
        "surface": "concrete",
        "oneway": "yes",
        "osm_id": 1215178601,
        "category": "cycle_lane",
        "source": "OpenStreetMap/Overpass"
      },
      "geometry": {
        "type": "LineString",
        "coordinates": [
          [
            -73.1071705,
            -36.8400446
          ],
          [
            -73.1071637,
            -36.8399591
          ]
        ]
      }
    },
    {
      "type": "Feature",
      "properties": {
        "highway": "secondary",
        "cycleway_right": "track",
        "name": "Camino Nonguén",
        "surface": "concrete",
        "oneway": "no",
        "osm_id": 1217221847,
        "category": "cycle_track",
        "source": "OpenStreetMap/Overpass"
      },
      "geometry": {
        "type": "LineString",
        "coordinates": [
          [
            -73.0081274,
            -36.8217288
          ],
          [
            -73.0081381,
            -36.82179
          ]
        ]
      }
    },
    {
      "type": "Feature",
      "properties": {
        "highway": "living_street",
        "cycleway_both": "shared_lane",
        "name": "Barros Arana",
        "surface": "paving_stones",
        "oneway": "yes",
        "osm_id": 1255032254,
        "category": "shared_lane",
        "source": "OpenStreetMap/Overpass"
      },
      "geometry": {
        "type": "LineString",
        "coordinates": [
          [
            -73.0513915,
            -36.8269236
          ],
          [
            -73.051372,
            -36.8269185
          ],
          [
            -73.0513422,
            -36.8269137
          ],
          [
            -73.0513187,
            -36.8269088
          ],
          [
            -73.0513016,
            -36.826904
          ],
          [
            -73.0512514,
            -36.8268832
          ],
          [
            -73.0511622,
            -36.8268567
          ]
        ]
      }
    },
    {
      "type": "Feature",
      "properties": {
        "highway": "primary",
        "cycleway_left": "track",
        "name": "O'Higgins",
        "surface": "concrete",
        "oneway": "yes",
        "osm_id": 1280730512,
        "category": "cycle_track",
        "source": "OpenStreetMap/Overpass"
      },
      "geometry": {
        "type": "LineString",
        "coordinates": [
          [
            -73.0458762,
            -36.8259805
          ],
          [
            -73.0466145,
            -36.8262883
          ],
          [
            -73.0466624,
            -36.8263004
          ],
          [
            -73.0466982,
            -36.8263057
          ],
          [
            -73.0467344,
            -36.8263081
          ]
        ]
      }
    },
    {
      "type": "Feature",
      "properties": {
        "highway": "secondary",
        "cycleway_left": "shared_lane",
        "name": "Tucapel",
        "surface": "concrete",
        "oneway": "yes",
        "osm_id": 1282100101,
        "category": "shared_lane",
        "source": "OpenStreetMap/Overpass"
      },
      "geometry": {
        "type": "LineString",
        "coordinates": [
          [
            -73.0457437,
            -36.8253736
          ],
          [
            -73.0458684,
            -36.8251741
          ]
        ]
      }
    },
    {
      "type": "Feature",
      "properties": {
        "highway": "secondary",
        "cycleway_left": "shared_lane",
        "name": "Tucapel",
        "surface": "concrete",
        "oneway": "yes",
        "osm_id": 1282100102,
        "category": "shared_lane",
        "source": "OpenStreetMap/Overpass"
      },
      "geometry": {
        "type": "LineString",
        "coordinates": [
          [
            -73.0456428,
            -36.825535
          ],
          [
            -73.0457437,
            -36.8253736
          ]
        ]
      }
    },
    {
      "type": "Feature",
      "properties": {
        "highway": "trunk",
        "cycleway_left": "track",
        "name": "Avenida Pedro Aguirre Cerda",
        "surface": "concrete",
        "osm_id": 1282105047,
        "category": "cycle_track",
        "source": "OpenStreetMap/Overpass"
      },
      "geometry": {
        "type": "LineString",
        "coordinates": [
          [
            -73.0798822,
            -36.8417487
          ],
          [
            -73.0799316,
            -36.8417246
          ],
          [
            -73.0800909,
            -36.8416472
          ],
          [
            -73.08014,
            -36.8416233
          ],
          [
            -73.0803173,
            -36.8415382
          ]
        ]
      }
    },
    {
      "type": "Feature",
      "properties": {
        "highway": "residential",
        "cycleway_left": "track",
        "name": "O'Higgins Poniente",
        "surface": "asphalt",
        "oneway": "no",
        "osm_id": 1293536304,
        "category": "cycle_track",
        "source": "OpenStreetMap/Overpass"
      },
      "geometry": {
        "type": "LineString",
        "coordinates": [
          [
            -73.0218047,
            -36.9255225
          ],
          [
            -73.0219562,
            -36.925358
          ]
        ]
      }
    },
    {
      "type": "Feature",
      "properties": {
        "highway": "tertiary",
        "cycleway_right": "lane",
        "name": "Avenida Las Torres",
        "surface": "concrete",
        "oneway": "yes",
        "osm_id": 1297276501,
        "category": "cycle_lane",
        "source": "OpenStreetMap/Overpass"
      },
      "geometry": {
        "type": "LineString",
        "coordinates": [
          [
            -73.1295062,
            -36.8267897
          ],
          [
            -73.1294996,
            -36.8268167
          ],
          [
            -73.1294874,
            -36.8268425
          ],
          [
            -73.1294699,
            -36.8268662
          ],
          [
            -73.1294489,
            -36.8268861
          ],
          [
            -73.1294274,
            -36.8269007
          ],
          [
            -73.1293961,
            -36.8269166
          ],
          [
            -73.1291145,
            -36.8270299
          ],
          [
            -73.1287706,
            -36.8271644
          ],
          [
            -73.1284724,
            -36.827281
          ],
          [
            -73.12843,
            -36.8272976
          ],
          [
            -73.1283834,
            -36.8273156
          ]
        ]
      }
    },
    {
      "type": "Feature",
      "properties": {
        "highway": "living_street",
        "cycleway_both": "shared_lane",
        "name": "Aníbal Pinto",
        "surface": "paving_stones",
        "oneway": "yes",
        "osm_id": 1304740292,
        "category": "shared_lane",
        "source": "OpenStreetMap/Overpass"
      },
      "geometry": {
        "type": "LineString",
        "coordinates": [
          [
            -73.0499821,
            -36.8264963
          ],
          [
            -73.049888,
            -36.8265203
          ],
          [
            -73.0498749,
            -36.8265241
          ],
          [
            -73.0498632,
            -36.8265286
          ],
          [
            -73.0498521,
            -36.8265341
          ],
          [
            -73.0498417,
            -36.8265404
          ],
          [
            -73.0498322,
            -36.8265476
          ],
          [
            -73.0498237,
            -36.8265554
          ],
          [
            -73.0498162,
            -36.826564
          ],
          [
            -73.0498094,
            -36.8265737
          ],
          [
            -73.049749,
            -36.8266694
          ]
        ]
      }
    },
    {
      "type": "Feature",
      "properties": {
        "highway": "residential",
        "cycleway_left": "track",
        "name": "Ongolmo",
        "surface": "concrete",
        "oneway": "yes",
        "osm_id": 1304760376,
        "category": "cycle_track",
        "source": "OpenStreetMap/Overpass"
      },
      "geometry": {
        "type": "LineString",
        "coordinates": [
          [
            -73.0421532,
            -36.8262586
          ],
          [
            -73.0421117,
            -36.8261255
          ],
          [
            -73.0421066,
            -36.8260944
          ],
          [
            -73.042111,
            -36.8260632
          ],
          [
            -73.0421179,
            -36.8260456
          ],
          [
            -73.0421278,
            -36.8260289
          ],
          [
            -73.0422738,
            -36.8257937
          ],
          [
            -73.0422884,
            -36.8257701
          ],
          [
            -73.042327,
            -36.8257079
          ]
        ]
      }
    },
    {
      "type": "Feature",
      "properties": {
        "highway": "tertiary",
        "cycleway_right": "track",
        "name": "Barros Arana",
        "surface": "concrete",
        "oneway": "yes",
        "osm_id": 1304760443,
        "category": "cycle_track",
        "source": "OpenStreetMap/Overpass"
      },
      "geometry": {
        "type": "LineString",
        "coordinates": [
          [
            -73.0422751,
            -36.8231204
          ],
          [
            -73.0416936,
            -36.8228759
          ]
        ]
      }
    },
    {
      "type": "Feature",
      "properties": {
        "highway": "tertiary",
        "cycleway_right": "lane",
        "name": "Avenida Las Torres",
        "surface": "asphalt",
        "oneway": "yes",
        "osm_id": 1338954535,
        "category": "cycle_lane",
        "source": "OpenStreetMap/Overpass"
      },
      "geometry": {
        "type": "LineString",
        "coordinates": [
          [
            -73.1227637,
            -36.8295033
          ],
          [
            -73.122648,
            -36.8295481
          ],
          [
            -73.1223857,
            -36.8296498
          ],
          [
            -73.1218813,
            -36.8298542
          ],
          [
            -73.1213702,
            -36.8300515
          ],
          [
            -73.1210132,
            -36.8301863
          ],
          [
            -73.1209809,
            -36.8301985
          ],
          [
            -73.1207715,
            -36.8302776
          ]
        ]
      }
    },
    {
      "type": "Feature",
      "properties": {
        "highway": "primary",
        "cycleway_left": "track",
        "name": "O'Higgins",
        "surface": "asphalt",
        "oneway": "yes",
        "osm_id": 1409134242,
        "category": "cycle_track",
        "source": "OpenStreetMap/Overpass"
      },
      "geometry": {
        "type": "LineString",
        "coordinates": [
          [
            -73.0567523,
            -36.8304938
          ],
          [
            -73.0568054,
            -36.830516
          ],
          [
            -73.0576658,
            -36.8308755
          ]
        ]
      }
    },
    {
      "type": "Feature",
      "properties": {
        "highway": "primary",
        "cycleway_right": "track",
        "name": "Avenida Padre Hurtado",
        "surface": "concrete",
        "oneway": "yes",
        "osm_id": 1410196549,
        "category": "cycle_track",
        "source": "OpenStreetMap/Overpass"
      },
      "geometry": {
        "type": "LineString",
        "coordinates": [
          [
            -73.0611239,
            -36.8296679
          ],
          [
            -73.0608586,
            -36.8300864
          ],
          [
            -73.0607972,
            -36.8301828
          ],
          [
            -73.0607856,
            -36.8302008
          ],
          [
            -73.060625,
            -36.8304521
          ]
        ]
      }
    },
    {
      "type": "Feature",
      "properties": {
        "highway": "secondary",
        "cycleway_left": "track",
        "name": "Avenida Manuel Rodríguez",
        "surface": "asphalt",
        "oneway": "yes",
        "osm_id": 1449271798,
        "category": "cycle_track",
        "source": "OpenStreetMap/Overpass"
      },
      "geometry": {
        "type": "LineString",
        "coordinates": [
          [
            -73.0582336,
            -36.8182377
          ],
          [
            -73.057044,
            -36.8177403
          ],
          [
            -73.0569781,
            -36.8177128
          ],
          [
            -73.055806,
            -36.8172227
          ],
          [
            -73.0557444,
            -36.817197
          ]
        ]
      }
    },
    {
      "type": "Feature",
      "properties": {
        "highway": "secondary",
        "cycleway_left": "track",
        "name": "Avenida Manuel Rodríguez",
        "surface": "asphalt",
        "oneway": "yes",
        "osm_id": 1449271799,
        "category": "cycle_track",
        "source": "OpenStreetMap/Overpass"
      },
      "geometry": {
        "type": "LineString",
        "coordinates": [
          [
            -73.0506644,
            -36.8150729
          ],
          [
            -73.0506091,
            -36.8150498
          ],
          [
            -73.0500878,
            -36.8148319
          ],
          [
            -73.0493588,
            -36.8145273
          ]
        ]
      }
    },
    {
      "type": "Feature",
      "properties": {
        "highway": "primary",
        "cycleway_right": "track",
        "name": "Avenida San Juan Bosco",
        "surface": "concrete",
        "oneway": "yes",
        "osm_id": 1471870512,
        "category": "cycle_track",
        "source": "OpenStreetMap/Overpass"
      },
      "geometry": {
        "type": "LineString",
        "coordinates": [
          [
            -73.0326462,
            -36.8166475
          ],
          [
            -73.0324832,
            -36.8164929
          ]
        ]
      }
    },
    {
      "type": "Feature",
      "properties": {
        "highway": "primary",
        "cycleway_right": "track",
        "name": "Avenida San Juan Bosco",
        "surface": "concrete",
        "oneway": "yes",
        "osm_id": 1471870513,
        "category": "cycle_track",
        "source": "OpenStreetMap/Overpass"
      },
      "geometry": {
        "type": "LineString",
        "coordinates": [
          [
            -73.0345585,
            -36.8187309
          ],
          [
            -73.034448,
            -36.8186106
          ]
        ]
      }
    },
    {
      "type": "Feature",
      "properties": {
        "highway": "primary",
        "cycleway_right": "track",
        "name": "Avenida San Juan Bosco",
        "surface": "concrete",
        "oneway": "yes",
        "osm_id": 1471870515,
        "category": "cycle_track",
        "source": "OpenStreetMap/Overpass"
      },
      "geometry": {
        "type": "LineString",
        "coordinates": [
          [
            -73.0348879,
            -36.8190897
          ],
          [
            -73.0347671,
            -36.8189676
          ]
        ]
      }
    },
    {
      "type": "Feature",
      "properties": {
        "highway": "primary",
        "cycleway_left": "track",
        "name": "O'Higgins Poniente",
        "surface": "concrete",
        "oneway": "yes",
        "osm_id": 1473763488,
        "category": "cycle_track",
        "source": "OpenStreetMap/Overpass"
      },
      "geometry": {
        "type": "LineString",
        "coordinates": [
          [
            -73.0596678,
            -36.8317469
          ],
          [
            -73.0596882,
            -36.8317747
          ],
          [
            -73.0596993,
            -36.8318003
          ],
          [
            -73.0597056,
            -36.8318236
          ],
          [
            -73.0597077,
            -36.8318405
          ],
          [
            -73.0597033,
            -36.8318789
          ]
        ]
      }
    }
  ]
}